timestamp,underlying_future_price,expiry,vtexp,strike,itype,bid,ask,adjtheor,implied_vol,delta_F,delta_y,gamma_F,gamma_y,speed_F,speed_y,theta_F,vega_price,vega_y,key,calc_error,source_file
2025-08-18 14:34:26,111.53125,19AUG25,0.0040426587301587305,111.5,P,0.078125,0.09375,0.0663871885764493,3.1955051443479014,-0.43888083724609694,-28.086618060401218,1.9404391130196434,10.30374561671601,1434.1892894206221,0.3758936282196636,-39.314116987400304,0.025067245941853885,1.6042034712948812,XCME.GY3.19AUG25.111:5.P,,five_min_market_20250818_1334.csv
2025-08-18 14:39:27,111.515625,19AUG25,0.004028880952380952,111.5,P,0.078125,0.09375,0.0733516563254568,3.195775065767169,-0.4693004247372923,-30.033349981487756,1.9608899662361579,10.2597395735182,740.2047915770072,0.19400386461110908,-39.73517185902961,0.02524723735836985,1.6157222019862367,XCME.GY3.19AUG25.111:5.P,,five_min_market_20250818_1339.csv
2025-08-18 14:44:26,111.53125,19AUG25,0.004028880952380952,111.5,P,0.078125,0.09375,0.0661027157972285,3.1895963178908837,-0.43866472309836524,-28.07278761940298,1.9471905805378649,10.332303850447774,1449.2056236826897,0.37982933211172665,-39.30514168738394,0.0250223800537062,1.601332233916982,XCME.GY3.19AUG25.111:5.P,,five_min_market_20250818_1344.csv
2025-08-18 14:49:26,111.53125,19AUG25,0.00399856746031746,111.5,P,0.078125,0.09375,0.0659644209420094,3.196115964567235,-0.43855910212556926,-28.06602829962793,1.950489784290589,10.34625930796514,1456.5815065958966,0.3817625130453876,-39.53285690183799,0.024927035712926586,1.5952305774844497,XCME.GY3.19AUG25.111:5.P,,five_min_market_20250818_1349.csv
2025-08-18 14:54:26,111.515625,19AUG25,0.00399856746031746,111.5,P,0.078125,0.09375,0.0729055716314733,3.1901301387947703,-0.46913008813162804,-30.022449120071666,1.9717264655715516,10.304835740425487,752.5442543504467,0.19723797426902143,-39.81373574526059,0.025151245326797318,1.609579095933721,XCME.GY3.19AUG25.111:5.P,,five_min_market_20250818_1354.csv
2025-08-18 14:59:26,111.515625,19AUG25,0.003984789682539683,111.5,P,0.078125,0.09375,0.0727634930129071,3.189981710890174,-0.4690754372767718,-30.018951683964286,1.9752030986745157,10.319303783225102,756.5319354728879,0.19828312495893,-39.88022574891982,0.02510760893261705,1.6067865412517606,XCME.GY3.19AUG25.111:5.P,,five_min_market_20250818_1359.csv
2025-08-18 15:04:26,111.53125,19AUG25,0.003957230158730159,111.5,P,0.0625,0.078125,0.0655456817826945,3.1958789882085457,-0.43823704926414686,-28.04541820470834,1.9605477790352683,10.38880432692494,1479.2219205208266,0.38769644896124916,-39.73082169344057,0.02479471195058327,1.5867623859895268,XCME.GY3.19AUG25.111:5.P,,five_min_market_20250818_1404.csv
2025-08-18 15:09:26,111.546875,19AUG25,0.003957230158730159,111.5,P,0.0625,0.078125,0.0588058470850257,3.1905177163896834,-0.4076662152456193,-26.089007110858653,1.9342320379836002,10.40942602769349,2128.022806653903,0.5577438205876378,-39.066126959724556,0.024420865026954917,1.5628376782650066,XCME.GY3.19AUG25.111:5.P,,five_min_market_20250818_1409.csv
2025-08-18 15:14:26,111.546875,19AUG25,0.003940698412698413,111.5,P,0.0625,0.078125,0.0586723875706952,3.1917263462993515,-0.4075106467330044,-26.07905134832535,1.9373694926191607,10.422928823307153,2138.3718456710494,0.5604562504275745,-39.15914648512284,0.024367518485422762,1.559423712993115,XCME.GY3.19AUG25.111:5.P,,five_min_market_20250818_1414.csv
2025-08-18 15:19:26,111.53125,19AUG25,0.0039241626984126985,111.5,P,0.0625,0.078125,0.0651301302583604,3.1924850015604127,-0.4379140657856839,-28.024748554020626,1.9706322086078372,10.431461517997134,1502.155909833175,0.39370732947455445,-39.85040793843294,0.024687746402296314,1.5799170187613547,XCME.GY3.19AUG25.111:5.P,,five_min_market_20250818_1419.csv
2025-08-18 15:24:26,111.546875,19AUG25,0.003915896825396825,111.5,P,0.0625,0.078125,0.0584319797118269,3.191919948510387,-0.4072290614237243,-26.061031014872658,1.943046829090902,10.447362945088946,2157.1834653758183,0.5653866790925178,-39.278664500228345,0.02428658765010766,1.55424446325629,XCME.GY3.19AUG25.111:5.P,,five_min_market_20250818_1424.csv
2025-08-18 15:29:26,111.546875,19AUG25,0.0038966031746031746,111.5,P,0.0625,0.078125,0.0582639498582864,3.1928762821605887,-0.40703121196363456,-26.048369440824757,1.9470346561441556,10.464526010727802,2170.46230630855,0.56886699492919,-39.38286683033251,0.024223782175910185,1.5502251641295481,XCME.GY3.19AUG25.111:5.P,,five_min_market_20250818_1429.csv
2025-08-18 15:34:26,111.546875,19AUG25,0.0038773134920634922,111.5,P,0.0625,0.078125,0.058123313831814,3.194988310856915,-0.40686495574571935,-26.037729707903054,1.950384911486511,10.478945217448203,2181.659898178864,0.5718018261028043,-39.50284177584472,0.024161312277549835,1.5462273405140792,XCME.GY3.19AUG25.111:5.P,,five_min_market_20250818_1434.csv
2025-08-18 15:39:26,111.546875,19AUG25,0.0038745595238095236,111.5,P,0.0625,0.078125,0.0579945631206016,3.1907926435639067,-0.4067122180074919,-26.02795510360745,1.9534621226800435,10.492189397514572,2191.9785491909274,0.5745062914030743,-39.46132127121881,0.024150488181926485,1.5455346416905673,XCME.GY3.19AUG25.111:5.P,,five_min_market_20250818_1439.csv
2025-08-18 15:44:27,111.546875,19AUG25,0.0038525119047619046,111.5,P,0.0625,0.078125,0.0578468328865398,3.1937750673156797,-0.40653633473564166,-26.01669927774212,1.9570048974171592,10.50743749873559,2203.8983242263866,0.577630403065804,-39.60682490293438,0.02407909876590558,1.5409660046228935,XCME.GY3.19AUG25.111:5.P,,five_min_market_20250818_1444.csv
2025-08-18 15:49:26,111.53125,19AUG25,0.0038525119047619046,111.5,P,0.0625,0.078125,0.0643055685835421,3.1883232298591384,-0.43726299231304,-27.983082456065308,1.9909524460829662,10.517417315643904,1549.0849609755933,0.40600719214467385,-40.15642457565365,0.024454974812436407,1.5650205680966802,XCME.GY3.19AUG25.111:5.P,,five_min_market_20250818_1449.csv
2025-08-18 15:54:26,111.53125,19AUG25,0.003830468253968254,111.5,P,0.0625,0.09375,0.0641672203024086,3.191810596971914,-0.43715240085340223,-27.97600504501433,1.9944029682290005,10.532013371872411,1557.149551024393,0.40812087967247024,-40.31406576549647,0.024383828295391378,1.5604674755918666,XCME.GY3.19AUG25.111:5.P,,five_min_market_20250818_1454.csv
2025-08-18 15:59:26,111.546875,19AUG25,0.003830468253968254,111.5,P,0.0625,0.078125,0.0574347677632261,3.1857869495919373,-0.4060421515405068,-25.985073529986273,1.966954800352256,10.550262776386207,2237.6045100568267,0.5864646208212362,-39.60931223068608,0.024002859134261652,1.5360869731562088,XCME.GY3.19AUG25.111:5.P,,five_min_market_20250818_1459.csv
2025-08-18 16:04:26,111.515625,19AUG25,0.003805666666666667,111.5,P,0.0625,0.09375,0.0709405984356266,3.189893280733289,-0.46835665290364603,-29.97295235922173,2.0209218248796947,10.509563172872326,810.2886749206966,0.2123724895786163,-40.80104488553764,0.024533325118320185,1.5700346742720186,XCME.GY3.19AUG25.111:5.P,,five_min_market_20250818_1504.csv
2025-08-18 16:09:26,111.546875,19AUG25,0.0037891309523809522,111.5,P,0.0625,0.078125,0.0571591959018036,3.191572962689251,-0.40570867997893634,-25.963732683932008,1.9736653221157172,10.579146218408166,2260.52868276996,0.5924729284544322,-39.88894303541827,0.023868102958015332,1.527463116901149,XCME.GY3.19AUG25.111:5.P,,five_min_market_20250818_1509.csv
2025-08-18 16:14:25,111.546875,19AUG25,0.003772595238095238,111.5,P,0.046875,0.078125,0.0570768891051898,3.1951037722696625,-0.40560861150419547,-25.95732870182249,1.975678453090738,10.587811259784914,2267.436046495109,0.5942833129212749,-40.01802607987847,0.023814498681498878,1.524032657621202,XCME.GY3.19AUG25.111:5.P,,five_min_market_20250818_1514.csv
2025-08-18 16:19:26,111.5625,19AUG25,0.003761575396825397,111.5,P,0.046875,0.078125,0.0507924308955552,3.1917677157033513,-0.37475928953536464,-23.983095493105196,1.9366840477233958,10.557677292181006,2836.702164819876,0.7434850314239038,-39.146306673078755,0.023251973757399597,1.4880333125785445,XCME.GY3.19AUG25.111:5.P,,five_min_market_20250818_1519.csv
2025-08-18 16:24:26,111.546875,19AUG25,0.0037450396825396822,111.5,P,0.046875,0.078125,0.0567511790720374,3.1931079556489834,-0.4052104810573375,-25.931849945745366,1.9836852462983252,10.62227513328998,2295.046916904492,0.6015199798891886,-40.130025017532105,0.02372153502877636,1.518083355701572,XCME.GY3.19AUG25.111:5.P,,five_min_market_20250818_1524.csv
2025-08-18 16:29:26,111.546875,19AUG25,0.003728503968253968,111.5,P,0.046875,0.078125,0.0565982465857644,3.1937191084198524,-0.40502236099267075,-25.919811014086953,1.987467070196787,10.638553652016354,2308.1653088154344,0.6049582428633903,-40.221923782534134,0.02366634918752321,1.5145516826047352,XCME.GY3.19AUG25.111:5.P,,five_min_market_20250818_1529.csv
2025-08-18 16:34:26,111.5625,19AUG25,0.0037119722222222224,111.5,P,0.046875,0.078125,0.0503815129956706,3.1952276701576547,-0.3740853605925112,-23.939966736478343,1.946361616251772,10.600142159672977,2879.0654134630663,0.7545882207679641,-39.42726136797544,0.023085009491813618,1.4773482674381042,XCME.GY3.19AUG25.111:5.P,,five_min_market_20250818_1534.csv
2025-08-18 16:39:26,111.5625,19AUG25,0.003703702380952381,111.5,P,0.046875,0.078125,0.0503605508758085,3.197883858983846,-0.37405078016831506,-23.93775372765149,1.9468578570057178,10.602319745515436,2881.248685560261,0.7551604451431279,-39.50290930353632,0.02305860404868675,1.475658424699757,XCME.GY3.19AUG25.111:5.P,,five_min_market_20250818_1539.csv
2025-08-18 16:44:26,111.5625,19AUG25,0.003703702380952381,111.5,P,0.046875,0.078125,0.0501241392014435,3.187629527753285,-0.37365941547480275,-23.912707952725476,1.9524718092752726,10.626955351470544,2906.02280307211,0.7616536137828346,-39.3631565906108,0.023050942846597984,1.4751681384108846,XCME.GY3.19AUG25.111:5.P,,five_min_market_20250818_1544.csv
2025-08-18 16:49:27,111.546875,19AUG25,0.003703702380952381,111.5,P,0.046875,0.078125,0.056036922576908,3.180591869786281,-0.40432530994645743,-25.87520253533349,2.0014718797138493,10.69883779595394,2357.17736633132,0.6178040507787456,-40.17305369408715,0.02357727005444612,1.5088509744043337,XCME.GY3.19AUG25.111:5.P,,five_min_market_20250818_1549.csv
2025-08-18 16:54:27,111.5625,19AUG25,0.0036623690476190475,111.5,P,0.046875,0.078125,0.0498306411625009,3.1927598973627744,-0.3731700295169874,-23.881389208969125,1.9594859651203107,10.657737163699078,2937.1695388389617,0.7698170128550245,-39.63183128665114,0.02291239680490524,1.4663017459267158,XCME.GY3.19AUG25.111:5.P,,five_min_market_20250818_1554.csv
2025-08-18 16:59:27,111.5625,19AUG25,0.0036623690476190475,111.5,P,0.046875,0.078125,0.0497025673061557,3.1871696737534787,-0.3729552433557991,-23.86764375379772,1.9625623358390898,10.6712385049876,2950.8983037005232,0.7734152514368171,-39.55517336179058,0.022908188562519152,1.4660324352469756,XCME.GY3.19AUG25.111:5.P,,five_min_market_20250818_1559.csv
2025-08-18 17:04:25,111.546875,19AUG25,0.0036623690476190475,111.5,P,,,0.0557356790204437,3.185639243515305,-0.40394690631797137,-25.850986216724895,2.0090691604607422,10.73154166344667,2384.0511229004865,0.6248475240044846,-40.45363356563726,0.023439782897889123,1.5000523463333122,XCME.GY3.19AUG25.111:5.P,,five_min_market_20250818_1604.csv
2025-08-18 17:09:26,111.546875,19AUG25,0.0036210317460317457,111.5,P,,,0.0555186282289668,3.194457658126092,-0.40367236252623484,-25.833416512228922,2.014578827975426,10.755259524650496,2403.6667114114566,0.6299886687539558,-40.78946424599821,0.023303101876959793,1.4913053077179188,XCME.GY3.19AUG25.111:5.P,,five_min_market_20250818_1609.csv
2025-08-18 17:14:26,111.546875,19AUG25,0.0036210317460317457,111.5,P,,,0.0555186282289668,3.194457658126092,-0.40367236252623484,-25.833416512228922,2.014578827975426,10.755259524650496,2403.6667114114566,0.6299886687539558,-40.78946424599821,0.023303101876959793,1.4913053077179188,XCME.GY3.19AUG25.111:5.P,,five_min_market_20250818_1614.csv
2025-08-18 17:19:26,111.546875,19AUG25,0.0036210317460317457,111.5,P,,,0.0553019316893852,3.185157810117404,-0.4033966651042524,-25.815772980011737,2.0201096091854844,10.779068701987734,2423.4645868191087,0.6351775899604651,-40.66364517190053,0.023299050427891686,1.4910460311833562,XCME.GY3.19AUG25.111:5.P,,five_min_market_20250818_1619.csv
2025-08-18 17:24:26,111.546875,19AUG25,0.003576940476190476,111.5,P,,,0.0550865575381039,3.1954271494144555,-0.40312105008263444,-25.798134721088275,2.025636689821758,10.802862377587854,2443.356704399726,0.6403912115552624,-41.03825254896715,0.023152729007537804,1.4816820455663893,XCME.GY3.19AUG25.111:5.P,,five_min_market_20250818_1624.csv
2025-08-18 17:29:26,111.546875,19AUG25,0.003576940476190476,111.5,P,,,0.0550865575381039,3.1954271494144555,-0.40312105008263444,-25.798134721088275,2.025636689821758,10.802862377587854,2443.356704399726,0.6403912115552624,-41.03825254896715,0.023152729007537804,1.4816820455663893,XCME.GY3.19AUG25.111:5.P,,five_min_market_20250818_1629.csv
2025-08-18 17:34:26,111.546875,19AUG25,0.003576940476190476,111.5,P,,,0.0548715038711123,3.1861378565505856,-0.40284423942726955,-25.78041994638754,2.031185680311821,10.826750806393337,2463.4360443560877,0.6456539031707478,-40.911764917655645,0.02314866244192294,1.4814218016333005,XCME.GY3.19AUG25.111:5.P,,five_min_market_20250818_1634.csv
2025-08-18 17:39:26,111.546875,19AUG25,0.0035328492063492066,111.5,P,,,0.0546568332114816,3.1966262192956596,-0.4025663070994483,-25.762633389136294,2.036755065564488,10.850727472728972,2483.69864395957,0.6509646261961527,-41.294478251824756,0.02300147905135964,1.4720026533708115,XCME.GY3.19AUG25.111:5.P,,five_min_market_20250818_1639.csv
2025-08-18 17:44:26,111.546875,19AUG25,0.0035328492063492066,111.5,P,,,0.0546568332114816,3.1966262192956596,-0.4025663070994483,-25.762633389136294,2.036755065564488,10.850727472728972,2483.69864395957,0.6509646261961527,-41.294478251824756,0.02300147905135964,1.4720026533708115,XCME.GY3.19AUG25.111:5.P,,five_min_market_20250818_1644.csv
2025-08-18 17:49:25,111.5546875,19AUG25,0.0035328492063492066,111.5,P,,,0.0484215840427851,3.0578107746099583,-0.38174729682480024,-24.430300007599914,2.097861826172085,11.188429321647487,3158.6630565862065,0.8278693234023878,-38.9195273266881,0.022662748942513574,1.4503252813250986,XCME.GY3.19AUG25.111:5.P,,five_min_market_20250818_1649.csv
2025-08-18 17:54:26,111.5546875,19AUG25,0.003491511904761905,111.5,P,,,0.0482135657485401,3.0666244947492842,-0.3814018757661338,-24.4081944415295,2.1036045121912363,11.213399191864971,3184.499999601009,0.8346410531340066,-39.251364414895676,0.02252362152887456,1.4414216833618563,XCME.GY3.19AUG25.111:5.P,,five_min_market_20250818_1654.csv
2025-08-18 17:59:26,111.546875,19AUG25,0.0034887579365079366,111.5,P,,,0.0540397848201195,3.189760036644705,-0.401758305409451,-25.710924512983226,2.0529343618294913,10.920383193787593,2543.186940301904,0.66655620236652,-41.443893858121626,0.022845670779605223,1.4620315472116159,XCME.GY3.19AUG25.111:5.P,,five_min_market_20250818_1659.csv
2025-08-18 18:04:30,111.5625,19AUG25,0.0034887579365079366,111.5,P,0.046875,0.078125,0.0478769593689208,3.1837472953910355,-0.3698095111853418,-23.666329477817133,2.0074724242970223,10.868379309180487,3156.066933568564,0.8271888929267143,-40.37348416467083,0.022297645924339336,1.42696014857402,XCME.GY3.19AUG25.111:5.P,,five_min_market_20250818_1704.csv
2025-08-18 18:09:30,111.578125,19AUG25,0.003450174603174603,111.5,P,0.046875,0.0625,0.0422176240069234,3.195745278100939,-0.3386334911579544,-21.671188900144447,1.9489622121887322,10.759690720792394,3572.717930425178,0.9363909738968222,-39.492733460516156,0.021489021910563216,1.3752114461884035,XCME.GY3.19AUG25.111:5.P,,five_min_market_20250818_1709.csv
2025-08-18 18:14:30,111.578125,19AUG25,0.003444666666666667,111.5,P,0.046875,0.0625,0.0420838820405862,3.1920695030775015,-0.3383363822248645,-21.652175116862427,1.952105170553677,10.773810526629786,3589.520053743838,0.9407947239057188,-39.46547672597159,0.021464597704912963,1.37364839472361,XCME.GY3.19AUG25.111:5.P,,five_min_market_20250818_1714.csv
2025-08-18 18:19:31,111.578125,19AUG25,0.003444666666666667,111.5,P,0.046875,0.0625,0.0419351423764311,3.1851387179703026,-0.3380045908435636,-21.630941795624697,1.9556119704824302,10.78956610751397,3608.322669831096,0.9457227927688714,-39.3648728632766,0.02145646837006804,1.3731281498108743,XCME.GY3.19AUG25.111:5.P,,five_min_market_20250818_1719.csv
2025-08-18 18:24:32,111.578125,19AUG25,0.0034060833333333334,111.5,P,0.046875,0.0625,0.0418033049063382,3.196948031703814,-0.33770929146616446,-21.61204381666866,1.958730366418706,10.803577718085206,3625.0918243607966,0.9501179018279355,-39.72055179697604,0.021328754829576458,1.364954994073575,XCME.GY3.19AUG25.111:5.P,,five_min_market_20250818_1724.csv
2025-08-18 18:29:32,111.578125,19AUG25,0.0034005714285714286,111.5,P,0.046875,0.0625,0.0416791272149624,3.1937102297935445,-0.3374301043042258,-21.594176955053236,1.9616762633733493,10.81681518983946,3640.975772934486,0.954281002963791,-39.69975434239154,0.02130466688418731,1.363413461920451,XCME.GY3.19AUG25.111:5.P,,five_min_market_20250818_1729.csv
2025-08-18 18:34:34,111.5625,19AUG25,0.0034005714285714286,111.5,P,0.046875,0.0625,0.0471005772473205,3.189475775629567,-0.36842216534783634,-23.577544893600134,2.027190755004369,10.95496234880547,3248.9802898595754,0.8515410052064007,-40.91689753025388,0.021986992411155554,1.4070795663443108,XCME.GY3.19AUG25.111:5.P,,five_min_market_20250818_1734.csv
2025-08-18 18:39:35,111.5625,19AUG25,0.00336475,111.5,P,0.046875,0.0625,0.0469650617919939,3.200211717065124,-0.3681768536919181,-23.561845928867992,2.0306716746613533,10.970248722500166,3265.5633007681977,0.8558873269808204,-41.263550749558206,0.021866094655137558,1.399342593550183,XCME.GY3.19AUG25.111:5.P,,five_min_market_20250818_1739.csv
2025-08-18 18:44:37,111.578125,19AUG25,0.0033564801587301586,111.5,P,0.046875,0.0625,0.0412464950528744,3.1941671022555274,-0.33644940883619656,-21.531416367881235,1.972006068231295,10.86323970280852,3696.9981356641215,0.9689641757801127,-39.920224542198014,0.021142189625181208,1.3530155672530964,XCME.GY3.19AUG25.111:5.P,,five_min_market_20250818_1744.csv
2025-08-18 18:49:38,111.578125,19AUG25,0.0033564801587301586,111.5,P,0.046875,0.0625,0.0411174730235189,3.1880635328114693,-0.33615450456728446,-21.512543674287937,1.9751067761503358,10.877177212861499,3713.913075493992,0.9733974944157134,-39.83033670090151,0.0211349697620508,1.3525535248922032,XCME.GY3.19AUG25.111:5.P,,five_min_market_20250818_1749.csv
2025-08-18 18:54:34,111.578125,19AUG25,0.0033564801587301586,111.5,P,0.046875,0.0625,0.0411174730235189,3.1880635328114693,-0.33615450456728446,-21.512543674287937,1.9751067761503358,10.877177212861499,3713.913075493992,0.9733974944157134,-39.83033670090151,0.0211349697620508,1.3525535248922032,XCME.GY3.19AUG25.111:5.P,,five_min_market_20250818_1754.csv
2025-08-18 18:59:38,111.578125,19AUG25,0.0033123888888888886,111.5,P,0.046875,0.0625,0.0408456841688007,3.1962619798343748,-0.3355295666562622,-21.472550147734154,1.9816690136734885,10.90667751722201,3749.861306616632,0.9828193406981014,-40.16847275708098,0.020980450368760818,1.3426649017992172,XCME.GY3.19AUG25.111:5.P,,five_min_market_20250818_1759.csv
2025-08-18 19:04:36,111.578125,19AUG25,0.0033123888888888886,111.5,P,0.046875,0.0625,0.0407543420544982,3.1919078095464717,-0.3353184012515845,-21.459036406496402,1.9838837519395003,10.916634845948684,3762.039683951759,0.9860112306920492,-40.103877290854385,0.020975285413855984,1.3423343653451276,XCME.GY3.19AUG25.111:5.P,,five_min_market_20250818_1804.csv
2025-08-18 19:09:37,111.578125,19AUG25,0.0033123888888888886,111.5,P,0.046875,0.0625,0.0405592377587425,3.1826038158743946,-0.33486542215485504,-21.430047556222103,1.9886301766237517,10.937976283568148,3788.2172732533822,0.9928722420614805,-39.96581256211828,0.020964182112193572,1.3416237984519397,XCME.GY3.19AUG25.111:5.P,,five_min_market_20250818_1809.csv
2025-08-18 19:14:38,111.578125,19AUG25,0.0032793214285714288,111.5,P,0.046875,0.0625,0.040510890158302,3.196291699014754,-0.33475276048389424,-21.422837659927293,1.9898097186052657,10.94328026263584,3794.7392007358385,0.9945816056736968,-40.33423507143448,0.020856524576103035,1.3347341467722897,XCME.GY3.19AUG25.111:5.P,,five_min_market_20250818_1814.csv
2025-08-18 19:19:36,111.578125,19AUG25,0.003268297619047619,111.5,P,0.046875,0.0625,0.0403497000386466,3.193934440484005,-0.33437597039237377,-21.398724601230352,1.9937518565748278,10.961007759831988,3816.583675218925,1.000306929960086,-40.354555063451684,0.0208122339826912,1.331899725956306,XCME.GY3.19AUG25.111:5.P,,five_min_market_20250818_1819.csv
2025-08-18 19:24:38,111.578125,19AUG25,0.003268297619047619,111.5,P,0.046875,0.0625,0.0401561765721539,3.184633508007348,-0.33392117928982434,-21.3696197898316,1.9985043836529566,10.982381800156887,3843.0160525327324,1.0072347199556257,-40.21550155417563,0.02080109335485879,1.331186770337543,XCME.GY3.19AUG25.111:5.P,,five_min_market_20250818_1824.csv
2025-08-18 19:29:39,111.578125,19AUG25,0.003237984126984127,111.5,P,0.046875,0.0625,0.0399807742293206,3.191032037236677,-0.3335066703933861,-21.343092878495135,2.002830526279622,11.001840402804941,3867.169363990939,1.0135651785251585,-40.46466921456533,0.020694268614701705,1.3243504142664504,XCME.GY3.19AUG25.111:5.P,,five_min_market_20250818_1829.csv
2025-08-18 19:34:38,111.578125,19AUG25,0.003224206349206349,111.5,P,0.046875,0.0625,0.0399162180126353,3.194716330496031,-0.33335355685047385,-21.333294224202923,2.004427225050778,11.009022740367604,3876.1061215292552,1.0159074566612294,-40.59049615878982,0.02064645165155936,1.321290319893193,XCME.GY3.19AUG25.111:5.P,,five_min_market_20250818_1834.csv
2025-08-18 19:39:39,111.578125,19AUG25,0.003224206349206349,111.5,P,0.046875,0.0625,0.0397240058462813,3.1854042132382516,-0.33289589326589897,-21.304005585444468,2.0091955916454287,11.030473715667107,3902.866003005778,1.0229210838115212,-40.45020998562624,0.020635243387155732,1.3205730358044183,XCME.GY3.19AUG25.111:5.P,,five_min_market_20250818_1839.csv
2025-08-18 19:44:27,111.5625,19AUG25,0.003196650793650794,111.5,P,0.046875,0.0625,0.0450276441220438,3.1922264866396057,-0.3645627593685783,-23.330558348551538,2.0817535976980825,11.194633322289352,3515.206437363061,0.921317507687782,-42.090703141714684,0.02124311580142281,1.3594744388278541,XCME.GY3.19AUG25.111:5.P,,five_min_market_20250818_1844.csv
2025-08-18 19:49:27,111.5625,19AUG25,0.003177357142857143,111.5,P,0.046875,0.0625,0.0448587823469353,3.193929498851342,-0.36423796315072543,-23.30977268979382,2.086325607430741,11.214722077473471,3538.128083094955,0.9273251530122064,-42.22816435409905,0.02117256366585487,1.354959384360048,XCME.GY3.19AUG25.111:5.P,,five_min_market_20250818_1849.csv
2025-08-18 19:54:27,111.5625,19AUG25,0.003177357142857143,111.5,P,0.046875,0.0625,0.0448335508193054,3.1927377662109095,-0.3641892924138461,-23.306657957316496,2.0870104548393154,11.217731278922969,3541.5697660841165,0.9282272004026876,-42.21050880232419,0.021171611081030776,1.3548984227416454,XCME.GY3.19AUG25.111:5.P,,five_min_market_20250818_1854.csv
2025-08-18 19:59:27,111.546875,19AUG25,0.0031525555555555556,111.5,P,0.046875,0.078125,0.0505595048907139,3.195031928936841,-0.3969316749139352,-25.4020394677922,2.149203297629452,11.334923314750574,2916.7070388021384,0.7644538969553137,-43.530871999257485,0.02164788386705462,1.3853779759560272,XCME.GY3.19AUG25.111:5.P,,five_min_market_20250818_1859.csv
2025-08-18 20:04:27,111.546875,19AUG25,0.0031332658730158732,111.5,P,0.046875,0.078125,0.0503946116277802,3.1972107141939765,-0.39669092418715446,-25.38663238428114,2.1539878067448694,11.355529367547687,2936.159279760969,0.7695522291524339,-43.68730186230255,0.021578027818562866,1.3809074682767493,XCME.GY3.19AUG25.111:5.P,,five_min_market_20250818_1904.csv
2025-08-18 20:09:27,111.53125,19AUG25,0.0031332658730158732,111.5,P,0.0625,0.078125,0.0566434615106175,3.1874905245862677,-0.43048209711281094,-27.549132286831448,2.201918469863067,11.409905897659442,2095.1975153310373,0.5491404807469784,-44.38829899841894,0.02199112186701659,1.4073438350015937,XCME.GY3.19AUG25.111:5.P,,five_min_market_20250818_1909.csv
2025-08-18 20:14:27,111.5625,19AUG25,0.003111222222222222,111.5,P,0.046875,0.0625,0.0441615536803539,3.1943977297169472,-0.3628795225337199,-23.22283792406794,2.105413849234601,11.298603193619114,3634.859331394844,0.9526779151293683,-42.627014428299965,0.02092461596580996,1.3390917233479742,XCME.GY3.19AUG25.111:5.P,,five_min_market_20250818_1914.csv
2025-08-18 20:19:27,111.5625,19AUG25,0.003111222222222222,111.5,P,0.046875,0.0625,0.0440163193594714,3.1874559819247934,-0.36259298342935853,-23.204500567545228,2.1094331471040753,11.316267644114598,3655.4404043911145,0.9580721083912265,-42.52297309231605,0.02091900357945648,1.338732553070897,XCME.GY3.19AUG25.111:5.P,,five_min_market_20250818_1919.csv
2025-08-18 20:24:27,111.5625,19AUG25,0.0030891746031746032,111.5,P,0.046875,0.0625,0.0438805326700304,3.192295285434341,-0.3623239522971402,-23.187283651207785,2.1132046183222144,11.332843590046494,3674.8199976657843,0.9631514000043857,-42.728448911144454,0.02083948889849062,1.3336439315478055,XCME.GY3.19AUG25.111:5.P,,five_min_market_20250818_1924.csv
2025-08-18 20:29:27,111.5625,19AUG25,0.003069884920634921,111.5,P,0.046875,0.0625,0.0436711181703799,3.192226601006536,-0.3619068844006579,-23.1605929741045,2.119047071850723,11.358522973621762,3704.9705250952484,0.9710536980007515,-42.84473807761694,0.020766170332965943,1.3289518366284883,XCME.GY3.19AUG25.111:5.P,,five_min_market_20250818_1929.csv
2025-08-18 20:34:27,111.546875,19AUG25,0.003069884920634921,111.5,P,0.046875,0.078125,0.0494944557873254,3.187883092109823,-0.39535609813408723,-25.301208856189046,2.1804845901535774,11.469652895883481,3045.437455411983,0.7981934763250993,-43.96704298165233,0.02133916903807668,1.3656214617607552,XCME.GY3.19AUG25.111:5.P,,five_min_market_20250818_1934.csv
2025-08-18 20:39:27,111.5625,19AUG25,0.0030450833333333332,111.5,P,0.046875,0.0625,0.0433854722393789,3.191385300049938,-0.36133372768037053,-23.12391323663299,2.127067514482149,11.39377785852699,3746.617016948323,0.9819690290806516,-42.98423669572836,0.020670914824703037,1.3228558651216955,XCME.GY3.19AUG25.111:5.P,,five_min_market_20250818_1939.csv
2025-08-18 20:44:39,111.5625,19AUG25,0.0030257936507936505,111.5,P,0.046875,0.0625,0.0432475190746544,3.1948459175740656,-0.36105513962859137,-23.106084715671333,2.130962329829741,11.410899097925059,3766.9481290193607,0.9872977088710371,-43.15638625075484,0.020599894558412733,1.3183108521601812,XCME.GY3.19AUG25.111:5.P,,five_min_market_20250818_1944.csv
2025-08-18 20:49:40,111.5625,19AUG25,0.0030257936507936505,111.5,P,0.046875,0.0625,0.0431667911771001,3.1909267742002343,-0.36089157237659475,-23.095617065812554,2.1332479921168597,11.420946982888962,3778.9120345498927,0.9904333869093006,-43.09674649793007,0.020596692766732597,1.3181059502998194,XCME.GY3.19AUG25.111:5.P,,five_min_market_20250818_1949.csv
2025-08-18 20:54:41,111.578125,19AUG25,0.0030009920634920632,111.5,P,0.046875,0.0625,0.037542870724323,3.1918338382426064,-0.32750818752360267,-20.959213968760476,2.064844636409927,11.2810120757196,4222.995382764774,1.1068253459232067,-41.738553372073035,0.019778461277927616,1.2657424079422555,XCME.GY3.19AUG25.111:5.P,,five_min_market_20250818_1954.csv
2025-08-18 20:59:39,111.578125,19AUG25,0.002984456349206349,111.5,P,0.046875,0.0625,0.0374204293637632,3.194455066309931,-0.3271947059925462,-20.939152404698984,2.0680545977378766,11.295475056300479,4241.896973543835,1.1117793555434672,-41.872127821280415,0.019716236324832187,1.2617602598439606,XCME.GY3.19AUG25.111:5.P,,five_min_market_20250818_1959.csv
2025-08-18 21:04:39,111.59375,19AUG25,0.002984456349206349,111.5,P,0.03125,0.0625,0.0324250603186442,3.1874775297945246,-0.2951562485719562,-18.88881928361091,1.9819321243932007,11.077323019975557,4351.576963263666,1.1405259161146577,-39.95328602140741,0.018853897434549224,1.2065740202214121,XCME.GY3.19AUG25.111:5.P,,five_min_market_20250818_2004.csv
2025-08-18 21:09:40,111.59375,19AUG25,0.0029569007936507937,111.5,P,0.03125,0.0625,0.0323769342185756,3.1997304559712982,-0.2950073303042796,-18.879289110152676,1.9830597908578804,11.08256682119194,4358.18104286007,1.1422568113729445,-40.28395131377125,0.018762294893918056,1.2007118240311798,XCME.GY3.19AUG25.111:5.P,,five_min_market_20250818_2009.csv
2025-08-18 21:14:37,111.578125,19AUG25,0.0029431230158730158,111.5,P,0.03125,0.0625,0.0369695090256386,3.1937614387521704,-0.3260296464014245,-20.86459325110556,2.079957067154935,11.34911472744156,4312.39342176904,1.1302561116421528,-42.094831955753705,0.019550832666027827,1.2511750872951168,XCME.GY3.19AUG25.111:5.P,,five_min_market_20250818_2014.csv
2025-08-18 21:19:37,111.59375,19AUG25,0.0029431230158730158,111.5,P,0.03125,0.0625,0.0320299031003231,3.1886570519862483,-0.2939264599677127,-18.81011773209374,1.9912223680487846,11.120536213670544,4406.057371850434,1.154804950689545,-40.17027920805082,0.018686845266623495,1.1958833496828372,XCME.GY3.19AUG25.111:5.P,,five_min_market_20250818_2019.csv
2025-08-18 21:24:39,111.578125,19AUG25,0.0029128095238095237,111.5,P,0.046875,0.0625,0.0367712071734445,3.2001383628595237,-0.3255119428588511,-20.831462295195035,2.085232094842791,11.372892895000051,4343.8421144160675,1.1384986520578826,-42.370284148081524,0.01943726889662191,1.2439074603082156,XCME.GY3.19AUG25.111:5.P,,five_min_market_20250818_2024.csv
2025-08-18 21:29:39,111.5625,19AUG25,0.002901785714285714,111.5,P,0.046875,0.0625,0.0419552805794581,3.1982598554622537,-0.3583876541938056,-22.93537631778678,2.1681350410017077,11.574342929878178,3964.529137973525,1.0390826739875216,-44.00310124555968,0.02012173446811116,1.2877105190212417,XCME.GY3.19AUG25.111:5.P,,five_min_market_20250818_2029.csv
2025-08-18 21:34:39,111.5625,19AUG25,0.002901785714285714,111.5,P,0.046875,0.0625,0.0417531017182569,3.1882100190325335,-0.35796059483441356,-22.90804622702313,2.174065913786045,11.600426397600298,3996.64761639359,1.0475007618056857,-43.846609340272906,0.020113375774287335,1.2871755960512923,XCME.GY3.19AUG25.111:5.P,,five_min_market_20250818_2034.csv
2025-08-18 21:39:38,111.5625,19AUG25,0.002901785714285714,111.5,P,0.046875,0.0625,0.0415613664866754,3.1786754348750947,-0.35755310014670116,-22.881968196988286,2.179719775261951,11.625293197207387,4027.41884407948,1.0555657421433198,-43.69809446379559,0.020105375481914316,1.2866636093405885,XCME.GY3.19AUG25.111:5.P,,five_min_market_20250818_2039.csv
2025-08-18 21:44:41,111.578125,19AUG25,0.0028576944444444444,111.5,P,0.046875,0.0625,0.0360914937400025,3.1955060810311364,-0.32371209313734517,-20.716279112417542,2.1035040000846066,11.455284632777719,4453.743852470265,1.1673033317257444,-42.61790553968991,0.019208735705202182,1.2292822501901188,XCME.GY3.19AUG25.111:5.P,,five_min_market_20250818_2044.csv
2025-08-18 21:49:39,111.5625,19AUG25,0.0028576944444444444,111.5,P,0.046875,0.0625,0.041273423594987,3.1886673360006275,-0.35693652026980904,-22.842509551186698,2.188264742548934,11.662878643811286,4074.208582154533,1.0678290915757955,-44.14563341053638,0.019939986802451442,1.2760793954096825,XCME.GY3.19AUG25.111:5.P,,five_min_market_20250818_2049.csv
2025-08-18 21:54:39,111.578125,19AUG25,0.0028576944444444444,111.5,P,0.046875,0.0625,0.0357840427133311,3.1794921275857226,-0.3228848273644338,-20.663337412014304,2.111867001959101,11.493009722978725,4504.542910069732,1.1806175031618713,-42.35956932567338,0.01918845945863953,1.2279846515150954,XCME.GY3.19AUG25.111:5.P,,five_min_market_20250818_2054.csv
2025-08-18 21:59:38,111.578125,19AUG25,0.0028163571428571426,111.5,P,0.03125,0.0625,0.0356493139381939,3.195666440609948,-0.322519672004109,-20.63996892957496,2.1155513046577137,11.509632393041572,4527.020636342769,1.1865087994818386,-42.866291148759686,0.01904025370111734,1.2185000758567055,XCME.GY3.19AUG25.111:5.P,,five_min_market_20250818_2059.csv
2025-08-18 22:04:40,111.578125,19AUG25,0.0028163571428571426,111.5,P,0.046875,0.0625,0.0354941995784372,3.1875177200649745,-0.3220972636395414,-20.61293648387609,2.11980780394795,11.528838950006032,4553.063821327151,1.1933345841717593,-42.7337658208587,0.0190299138134945,1.217838364408394,XCME.GY3.19AUG25.111:5.P,,five_min_market_20250818_2104.csv
2025-08-18 22:09:38,111.578125,19AUG25,0.0028163571428571426,111.5,P,0.046875,0.0625,0.0354941995784372,3.1875177200649745,-0.3220972636395414,-20.61293648387609,2.11980780394795,11.528838950006032,4553.063821327151,1.1933345841717593,-42.7337658208587,0.0190299138134945,1.217838364408394,XCME.GY3.19AUG25.111:5.P,,five_min_market_20250818_2109.csv
2025-08-18 22:14:40,111.578125,19AUG25,0.0027750238095238093,111.5,P,0.046875,0.0625,0.0351940637336128,3.195271581908292,-0.32127376135334407,-20.560235631568606,2.128089091213411,11.56621357236081,4603.960292829856,1.2066742872903478,-43.109682353108575,0.018869669607000056,1.2075833761695756,XCME.GY3.19AUG25.111:5.P,,five_min_market_20250818_2114.csv
2025-08-18 22:19:39,111.578125,19AUG25,0.0027750238095238093,111.5,P,0.046875,0.0625,0.035126042671962,3.191666427019845,-0.3210859882386118,-20.548218903318197,2.1299742269170845,11.57472277012561,4615.588129494549,1.2097218834092693,-43.050559751495584,0.018865075925675476,1.2072893989395277,XCME.GY3.19AUG25.111:5.P,,five_min_market_20250818_2119.csv
2025-08-18 22:24:41,111.578125,19AUG25,0.0027750238095238093,111.5,P,0.046875,0.0625,0.0349084330974705,3.180127076477047,-0.3204824136450388,-20.509592543627903,2.1360258331657205,11.60204206428746,4653.019841926849,1.2195325425045804,-42.86125797526717,0.018850274941123735,1.2063421951321547,XCME.GY3.19AUG25.111:5.P,,five_min_market_20250818_2124.csv
2025-08-18 22:29:42,111.5625,19AUG25,0.002730928571428571,111.5,P,0.046875,0.0625,0.0400138503051153,3.1971291746107204,-0.3541723433202554,-22.66561328312306,2.2264246641107013,11.830771688447127,4287.341760418499,1.1236902001913782,-45.15416702496254,0.019439206315685204,1.2440314473785903,XCME.GY3.19AUG25.111:5.P,,five_min_market_20250818_2129.csv
2025-08-18 22:34:40,111.5625,19AUG25,0.002730928571428571,111.5,P,0.046875,0.0625,0.0398407948450199,3.1882250775989296,-0.3537837959348109,-22.64074780464416,2.231769042565899,11.854291425382225,4317.738638115676,1.1316570653244715,-45.01079250256288,0.01943160007940034,1.2435446786813042,XCME.GY3.19AUG25.111:5.P,,five_min_market_20250818_2134.csv
2025-08-18 22:39:42,111.53125,19AUG25,0.002730928571428571,111.5,P,0.046875,0.078125,0.0518239069379689,3.179218306482571,-0.4254015571997136,-27.223998054552872,2.3591308590305253,12.075105621096503,2576.366223918777,0.6752523217647578,-47.311007449149734,0.020482488663373984,1.3107973445012815,XCME.GY3.19AUG25.111:5.P,,five_min_market_20250818_2139.csv
2025-08-18 22:44:37,111.546875,19AUG25,0.002689595238095238,111.5,P,0.046875,0.078125,0.0453508253080912,3.197877557388058,-0.3887258180845641,-24.876897454139762,2.311307320513573,12.033282996501239,3624.3481797209015,0.9499229963967918,-46.8976218734389,0.019879545597172758,1.2722114000366678,XCME.GY3.19AUG25.111:5.P,,five_min_market_20250818_2144.csv
2025-08-18 22:49:36,111.546875,19AUG25,0.002689595238095238,111.5,P,0.046875,0.078125,0.0451706547727468,3.1888134222348468,-0.3884178917131901,-24.857191398077312,2.317350143039432,12.05932459449848,3652.705034507174,0.9573551820288684,-46.75406123863955,0.019875025548527585,1.2719221350035712,XCME.GY3.19AUG25.111:5.P,,five_min_market_20250818_2149.csv
2025-08-18 22:54:38,111.546875,19AUG25,0.002689595238095238,111.5,P,0.046875,0.078125,0.0450703024798003,3.1837639380350393,-0.38824562101474225,-24.846166762459443,2.3207295207519985,12.073888332355313,3668.6266211325174,0.9615281479042668,-46.67407382181326,0.019872491191244082,1.2717599462748561,XCME.GY3.19AUG25.111:5.P,,five_min_market_20250818_2154.csv
2025-08-18 22:59:41,111.546875,19AUG25,0.0026482579365079365,111.5,P,0.046875,0.078125,0.044886635303456,3.1992005681892683,-0.38792890737473584,-24.825898356353594,2.3269399392802117,12.100653224299982,3698.0050787314863,0.9692280903733916,-47.25389086225768,0.01971455254996783,1.2616525049877414,XCME.GY3.19AUG25.111:5.P,,five_min_market_20250818_2159.csv
2025-08-18 23:04:37,111.53125,19AUG25,0.0026455039682539683,111.5,P,0.046875,0.078125,0.0509945294991923,3.1889910174338243,-0.4244505020891982,-27.16313433170033,2.3884739458344053,12.199274312918407,2673.6108373306797,0.7007396342344985,-48.19439842757483,0.02015033271706778,1.2895406925614696,XCME.GY3.19AUG25.111:5.P,,five_min_market_20250818_2204.csv
2025-08-18 23:09:39,111.546875,19AUG25,0.0026455039682539683,111.5,P,0.046875,0.078125,0.0445507326741534,3.183814452867747,-0.3873448833835442,-24.788523157013294,2.3383836822127146,12.14997383710124,3752.543595153368,0.9835223547126691,-47.03062335957797,0.01969572350864768,1.2604475216594169,XCME.GY3.19AUG25.111:5.P,,five_min_market_20250818_2209.csv
2025-08-18 23:14:36,111.546875,19AUG25,0.0026455039682539683,111.5,P,0.046875,0.078125,0.0443727922565671,3.174778935460021,-0.3870329614568655,-24.768561401393562,2.3444912290582685,12.176297294106414,3781.8657556070384,0.9912075419898813,-46.886202198200806,0.019691124576734522,1.2601532084127025,XCME.GY3.19AUG25.111:5.P,,five_min_market_20250818_2214.csv
2025-08-18 23:19:39,111.53125,19AUG25,0.0026014126984126983,111.5,P,0.0625,0.078125,0.0504938393775518,3.1908423710267657,-0.42386438167208706,-27.125624969486886,2.406543634933004,12.27574021382643,2734.6921897814154,0.7167487422083465,-48.61540465058577,0.019975991606795716,1.2783835588684986,XCME.GY3.19AUG25.111:5.P,,five_min_market_20250818_2219.csv
2025-08-18 23:24:40,111.515625,19AUG25,0.0026014126984126983,111.5,P,0.0625,0.078125,0.0572987721889007,3.185218386580805,-0.46168956273320805,-29.54628525667438,2.444317193906563,12.271575611467602,1433.6854790432594,0.37576158211384025,-49.20457152306883,0.020253777402059216,1.2961607386221816,XCME.GY3.19AUG25.111:5.P,,five_min_market_20250818_2224.csv
2025-08-18 23:29:38,111.515625,19AUG25,0.0026014126984126983,111.5,P,0.0625,0.078125,0.0571108558824633,3.1759401953472937,-0.4615779888062872,-29.539144971647154,2.451391678691822,12.301017689618073,1446.169176944091,0.3790334950559857,-49.05991628121976,0.020253229279800337,1.2961256609901022,XCME.GY3.19AUG25.111:5.P,,five_min_market_20250818_2229.csv
2025-08-18 23:34:38,111.53125,19AUG25,0.0025573174603174603,111.5,P,0.0625,0.078125,0.0499862026472471,3.1926008822950456,-0.42326065434019466,-27.086988835155097,2.4251448623163463,12.354456972451747,2798.532272453979,0.7334808991688322,-49.04518847766721,0.019800080629296023,1.267125959952428,XCME.GY3.19AUG25.111:5.P,,five_min_market_20250818_2234.csv
2025-08-18 23:39:35,111.515625,19AUG25,0.0025573174603174603,111.5,P,0.0625,0.078125,0.056830200808875,3.1892276455329753,-0.4614101324891131,-29.52840283877328,2.4620340894700297,12.345308551953702,1465.085024433647,0.38399124128666035,-49.68606070322342,0.020080023919695475,1.2850412107648317,XCME.GY3.19AUG25.111:5.P,,five_min_market_20250818_2239.csv
2025-08-18 23:44:39,111.53125,19AUG25,0.0025573174603174603,111.5,P,0.0625,0.078125,0.049638614182598,3.175045023606461,-0.42284165356156345,-27.060174461325815,2.438047772530922,12.409060489877318,2843.3926256817904,0.7452385667671098,-48.765361844302824,0.019795968003435232,1.266862768347841,XCME.GY3.19AUG25.111:5.P,,five_min_market_20250818_2244.csv
2025-08-18 23:49:33,111.5,19AUG25,0.0025132261904761907,111.5,P,0.0625,0.09375,0.0638809040016781,3.1940756584466214,-0.5,-31.997999999999998,2.4914322296957367,12.303630839395048,0.0,0.0,-50.432319176234444,0.019999809282148145,1.2799077948203526,XCME.GY3.19AUG25.111:5.P,,five_min_market_20250818_2249.csv
2025-08-18 23:54:38,111.484375,19AUG25,0.0025132261904761907,111.5,P,0.078125,0.109375,0.0717978142477307,3.18405561718385,-0.538988860919299,-34.49313114339145,2.4873274940002004,12.123066727684074,-1510.701779844153,-0.39594715800236185,-50.033827190578265,0.019904221336508654,1.2737905486512078,XCME.GY3.19AUG25.111:5.P,,five_min_market_20250818_2254.csv
2025-08-18 23:59:39,111.484375,19AUG25,0.0025132261904761907,111.5,P,0.078125,0.09375,0.0717848312031819,3.1834033421905374,-0.538996824192786,-34.49364076104153,2.487832259142169,12.125100541525256,-1511.6216306481913,-0.39618824616185466,-50.02347920678251,0.019904182254623606,1.2737880475668923,XCME.GY3.19AUG25.111:5.P,,five_min_market_20250818_2259.csv
2025-08-19 00:04:39,111.5,19AUG25,0.00248015873015873,111.5,P,0.0625,0.09375,0.0633860801401838,3.1903923207304317,-0.5,-31.997999999999998,2.510881612175968,12.383285552261436,0.0,0.0,-50.70886411214562,0.019867801125370673,1.2714598008192215,XCME.GY3.19AUG25.111:5.P,,five_min_market_20250818_2304.csv
2025-08-19 00:09:35,111.5,19AUG25,0.0024691349206349207,111.5,P,0.0625,0.09375,0.0631689489971379,3.1865532075293572,-0.5,-31.997999999999998,2.519512285998775,12.418632373472747,0.0,0.0,-50.760780715828545,0.01982359775065723,1.26863096165106,XCME.GY3.19AUG25.111:5.P,,five_min_market_20250818_2309.csv
2025-08-19 00:14:38,111.5,19AUG25,0.0024691349206349207,111.5,P,0.0625,0.09375,0.063011000701998,3.1785855168448904,-0.5,-31.997999999999998,2.5258278922532447,12.444497863201702,0.0,0.0,-50.63385793334053,0.01982359775065723,1.26863096165106,XCME.GY3.19AUG25.111:5.P,,five_min_market_20250818_2314.csv
2025-08-19 00:19:37,111.515625,19AUG25,0.0024360674603174605,111.5,P,0.0625,0.09375,0.0554099165308486,3.195154676422138,-0.4605376035345936,-29.47256447579985,2.5173398275454777,12.575477161066717,1566.0454829221699,0.41045245761836413,-50.991182633987506,0.019593997340403103,1.253937453796437,XCME.GY3.19AUG25.111:5.P,,five_min_market_20250818_2319.csv
2025-08-19 00:24:38,111.5,19AUG25,0.0024250436507936507,111.5,P,0.0625,0.09375,0.0627580419551848,3.1944753348008845,-0.5,-31.997999999999998,2.53600874299945,12.486193415425468,0.0,0.0,-51.34749820833927,0.019645805767069615,1.2572529858693868,XCME.GY3.19AUG25.111:5.P,,five_min_market_20250818_2324.csv
2025-08-19 00:29:38,111.5,19AUG25,0.0024250436507936507,111.5,P,0.078125,0.09375,0.062442901292755,3.17843421812864,-0.5,-31.997999999999998,2.5488076273986486,12.538611093100556,0.0,0.0,-51.08965580128898,0.019645805767069615,1.2572529858693868,XCME.GY3.19AUG25.111:5.P,,five_min_market_20250818_2329.csv
2025-08-19 00:34:37,111.5,19AUG25,0.0023947301587301587,111.5,P,0.0625,0.09375,0.062278760173406,3.1900801925747793,-0.5,-31.997999999999998,2.5555252328196096,12.56612296559832,0.0,0.0,-51.600372654754345,0.019522631537094173,1.2493703278478787,XCME.GY3.19AUG25.111:5.P,,five_min_market_20250818_2334.csv
2025-08-19 00:39:38,111.515625,19AUG25,0.0023809523809523807,111.5,P,0.0625,0.09375,0.054612788138904,3.1907713872559773,-0.460030332858848,-29.440101181634834,2.549482319331314,12.709246887818118,1626.798382990112,0.42637547991385966,-51.500666068084556,0.019368607706755626,1.2395134188015329,XCME.GY3.19AUG25.111:5.P,,five_min_market_20250818_2339.csv
2025-08-19 00:44:39,111.515625,19AUG25,0.0023809523809523807,111.5,P,0.0625,0.09375,0.05443258852074,3.181467580437836,-0.4599138401321411,-29.4326461130965,2.5568625449647913,12.739961782907569,1640.9660691935924,0.43008875751939474,-51.34898329344333,0.019368036415336336,1.239476858435864,XCME.GY3.19AUG25.111:5.P,,five_min_market_20250818_2344.csv
2025-08-19 00:49:39,111.5,19AUG25,0.0023533968253968253,111.5,P,0.0625,0.09375,0.061739477353278,3.1901073759888234,-0.5,-31.997999999999998,2.577847269117028,12.657542597747113,0.0,0.0,-52.05197936897325,0.01935341669624976,1.2385412548931996,XCME.GY3.19AUG25.111:5.P,,five_min_market_20250818_2349.csv
2025-08-19 00:54:39,111.515625,19AUG25,0.002336861111111111,111.5,P,0.0625,0.09375,0.0541374383285813,3.1959583849144253,-0.45972155658275404,-29.420340735069928,2.569043422709324,12.79065601264209,1664.5289589333572,0.43626446959656284,-52.0646723634874,0.019186928708574337,1.2278866896339231,XCME.GY3.19AUG25.111:5.P,,five_min_market_20250818_2354.csv
2025-08-19 00:59:38,111.515625,19AUG25,0.002336861111111111,111.5,P,0.0625,0.09375,0.0539590465639819,3.1866607046270654,-0.4596044385503454,-29.412845649467904,2.576462085842792,12.821530954336064,1678.9896514894242,0.4400545426584423,-51.911654361623654,0.019186355284686527,1.227849992798799,XCME.GY3.19AUG25.111:5.P,,five_min_market_20250818_2359.csv
2025-08-19 01:04:38,111.515625,19AUG25,0.0023093015873015873,111.5,P,0.0625,0.09375,0.0537318957332502,3.193709500971482,-0.45945431609284826,-29.403238412677915,2.5859707075887584,12.861103915066835,1697.6462816059718,0.444944349350343,-52.33399459864014,0.019072150515534937,1.2205413443921738,XCME.GY3.19AUG25.111:5.P,,five_min_market_20250819_0004.csv
2025-08-19 01:09:37,111.515625,19AUG25,0.002292769841269841,111.5,P,0.0625,0.09375,0.0535538953886956,3.1958360432024038,-0.4593358921276849,-29.395659752603322,2.59347105330051,12.892318871698857,1712.459624344369,0.4488268502092408,-52.555702983511374,0.019003183234631335,1.2161277142834668,XCME.GY3.19AUG25.111:5.P,,five_min_market_20250819_0009.csv
2025-08-19 01:14:39,111.515625,19AUG25,0.002292769841269841,111.5,P,0.0625,0.09375,0.0533764686933438,3.1864992448465905,-0.45921715707462163,-29.388061184147485,2.600990637999624,12.923613927942242,1727.3972018878753,0.45274191237088157,-52.400555664741546,0.01900260186775637,1.2160905091289367,XCME.GY3.19AUG25.111:5.P,,five_min_market_20250819_0014.csv
2025-08-19 01:19:37,111.515625,19AUG25,0.002267968253968254,111.5,P,0.0625,0.078125,0.0532319585602465,3.196228695151579,-0.4591199344150111,-29.381839322823048,2.6071474791463003,12.949237532245236,1739.6921712203787,0.45596436052701805,-52.84583381050824,0.01889906923861079,1.2094648349941362,XCME.GY3.19AUG25.111:5.P,,five_min_market_20250819_0019.csv
2025-08-19 01:24:40,111.515625,19AUG25,0.002267968253968254,111.5,P,0.0625,0.078125,0.0530561228719151,3.186924645924193,-0.45900100777669484,-29.37422849367736,2.6146783473845527,12.980579604746001,1754.8101529404253,0.4599267056944419,-52.69037913929715,0.018898487008305966,1.2094275745835485,XCME.GY3.19AUG25.111:5.P,,five_min_market_20250819_0024.csv
2025-08-19 01:29:38,111.515625,19AUG25,0.002245920634920635,111.5,P,0.0625,0.078125,0.0528808487599761,3.193209002682241,-0.45888176768888533,-29.366597605017905,2.622228592861245,13.012002352982453,1770.0546853763924,0.463922219152908,-53.051137735962456,0.018805821041765366,1.2034973233888164,XCME.GY3.19AUG25.111:5.P,,five_min_market_20250819_0029.csv
2025-08-19 01:34:38,111.515625,19AUG25,0.0022266309523809526,111.5,P,0.0625,0.078125,0.0527065477337771,3.19770218140911,-0.4587624973310349,-29.35896477919691,2.6297802813090003,13.043431138023772,1785.3901734622289,0.4679415716188808,-53.35375062388029,0.018724305559390014,1.1982806585787231,XCME.GY3.19AUG25.111:5.P,,five_min_market_20250819_0034.csv
2025-08-19 01:39:38,111.515625,19AUG25,0.0022266309523809526,111.5,P,0.0625,0.078125,0.0525317519434267,3.1883668287508584,-0.45864218916319965,-29.351265537688125,2.6373971980454445,13.075131423541658,1800.9475748528569,0.47201908641942375,-53.19631736484126,0.018723716834425686,1.1982429825359062,XCME.GY3.19AUG25.111:5.P,,five_min_market_20250819_0039.csv
2025-08-19 01:44:38,111.53125,19AUG25,0.0022018293650793654,111.5,P,0.0625,0.078125,0.0453806899636504,3.1896525954197985,-0.41730512943552855,-26.705859063356083,2.6080053152404767,13.128372970602454,3479.6072450899924,0.9119871426906909,-52.64591808073721,0.018316205842693896,1.1721639091090383,XCME.GY3.19AUG25.111:5.P,,five_min_market_20250819_0044.csv
2025-08-19 01:49:38,111.5625,19AUG25,0.0021825396825396826,111.5,P,0.046875,0.0625,0.0334431079718342,3.1950364629968036,-0.33771059341386145,-21.612127136113475,2.4483957791351725,12.808991079534861,5664.090343080892,1.484528914927777,-49.59098372862482,0.017073383272227738,1.0926282358894863,XCME.GY3.19AUG25.111:5.P,,five_min_market_20250819_0049.csv
2025-08-19 01:54:38,111.546875,19AUG25,0.0021825396825396826,111.5,P,0.046875,0.078125,0.0389467761917786,3.190745266505361,-0.37658511398319205,-24.09994095446836,2.5472054174358405,13.050391782669355,4842.152075024102,1.2691031269711075,-51.45382919888272,0.01773855553839334,1.13519660023502,XCME.GY3.19AUG25.111:5.P,,five_min_market_20250819_0054.csv
2025-08-19 01:59:39,111.546875,19AUG25,0.002157738095238095,111.5,P,0.046875,0.078125,0.0387545851099276,3.1981319182752763,-0.37617829127953795,-24.073905928725306,2.5550231511806945,13.084117872889031,4886.509391069498,1.2807289511139763,-51.850989752535234,0.017631527653271903,1.1283472436987887,XCME.GY3.19AUG25.111:5.P,,five_min_market_20250819_0059.csv
2025-08-19 02:04:38,111.53125,19AUG25,0.0021412023809523812,111.5,P,0.046875,0.078125,0.0446378481673264,3.1933579372186527,-0.4162555590969128,-26.638690759966032,2.6401084570090685,13.264259198413857,3609.5032278530966,0.9460322109478294,-53.41785351241632,0.01805207322101492,1.1552604778520708,XCME.GY3.19AUG25.111:5.P,,five_min_market_20250819_0104.csv
2025-08-19 02:04:38,111.53125,19AUG25,0.0021412023809523812,111.5,P,0.046875,0.078125,0.0446378481673264,3.1933579372186527,-0.4162555590969128,-26.638690759966032,2.6401084570090685,13.264259198413857,3609.5032278530966,0.9460322109478294,-53.41785351241632,0.01805207322101492,1.1552604778520708,XCME.GY3.19AUG25.111:5.P,,five_min_market_20250819_0109.csv
2025-08-19 02:14:38,111.53125,19AUG25,0.0021136468253968254,111.5,P,0.046875,0.078125,0.0443157268661736,3.1961451447531823,-0.4157919765218153,-26.60902332949009,2.6542758896291065,13.324228795742119,3667.836820392265,0.9613211451968738,-53.79829507207635,0.017931019269219403,1.147513509152965,XCME.GY3.19AUG25.111:5.P,,five_min_market_20250819_0114.csv
2025-08-19 02:19:37,111.546875,19AUG25,0.002099869047619048,111.5,P,0.046875,0.078125,0.0379226909381884,3.194036584463428,-0.37438489780777306,-23.959135920106245,2.589415733911417,13.232504535883406,5084.787170652092,1.3326965362245506,-52.41444826186435,0.017367362965283878,1.111441760326307,XCME.GY3.19AUG25.111:5.P,,five_min_market_20250819_0119.csv
2025-08-19 02:24:38,111.53125,19AUG25,0.002099869047619048,111.5,P,0.046875,0.078125,0.0438943165969619,3.1830322971173266,-0.41517758451137876,-26.569704698390193,2.6730406084382827,13.403659923192544,3746.058398182021,0.9818226179782917,-53.73498236131383,0.01786647244323657,1.1433827704773676,XCME.GY3.19AUG25.111:5.P,,five_min_market_20250819_0124.csv
2025-08-19 02:29:39,111.53125,19AUG25,0.002099869047619048,111.5,P,0.0625,0.078125,0.0437067595431984,3.1725346118656264,-0.4149012025214063,-26.552017356559915,2.681477525300837,13.439374019453007,3781.5859714229646,0.9911342119958242,-53.54961621157032,0.01786375452349406,1.1432088344855258,XCME.GY3.19AUG25.111:5.P,,five_min_market_20250819_0129.csv
2025-08-19 02:34:39,111.515625,19AUG25,0.002058531746031746,111.5,P,0.0625,0.078125,0.0503195076116896,3.1930864244813786,-0.4570563137299668,-29.249775853462957,2.737755827500512,13.492809664596649,2014.4403828825043,0.5279744521448836,-55.384153509734155,0.017995460074552168,1.1516374629310406,XCME.GY3.19AUG25.111:5.P,,five_min_market_20250819_0134.csv
2025-08-19 02:39:39,111.53125,19AUG25,0.002058531746031746,111.5,P,0.0625,0.078125,0.0433841634747978,3.1859893876404377,-0.41442150976790326,-26.521318939106735,2.696114360596644,13.501333712563865,3843.7505286500946,1.0074272223642216,-54.299574063480506,0.01768235899008554,1.131600245929514,XCME.GY3.19AUG25.111:5.P,,five_min_market_20250819_0139.csv
2025-08-19 02:44:39,111.53125,19AUG25,0.002058531746031746,111.5,P,0.046875,0.078125,0.0431458488945395,3.1725116197297902,-0.41406361124287205,-26.498414865098837,2.707029577644695,13.547540026981327,3890.5478036100726,1.0196925471754295,-54.05911198922952,0.017678841060825685,1.1313751125286007,XCME.GY3.19AUG25.111:5.P,,five_min_market_20250819_0144.csv
2025-08-19 02:49:38,111.53125,19AUG25,0.002014440476190476,111.5,P,0.046875,0.078125,0.0430595506835942,3.202107994326845,-0.41393324021310374,-26.490071640677787,2.7110045095457123,13.564366871271385,3907.6831691241546,1.024183638247906,-55.15331910730935,0.017487215176951714,1.1191118224642018,XCME.GY3.19AUG25.111:5.P,,five_min_market_20250819_0149.csv
2025-08-19 02:54:37,111.53125,19AUG25,0.002014440476190476,111.5,P,0.0625,0.078125,0.0427671446215356,3.185328367775633,-0.4134870149369463,-26.461515007904815,2.724605040859196,13.621941830436851,3966.691889188066,1.0396495199450024,-54.85060700038843,0.017482848907357275,1.1188323986752362,XCME.GY3.19AUG25.111:5.P,,five_min_market_20250819_0154.csv
2025-08-19 02:59:39,111.546875,19AUG25,0.002014440476190476,111.5,P,0.046875,0.078125,0.0364376035234244,3.173632001559301,-0.37104589057099036,-23.7454528129811,2.6531387494846497,13.507505212901448,5465.804238090304,1.4325591477706348,-53.02034625444664,0.01696176213186456,1.0854849293908044,XCME.GY3.19AUG25.111:5.P,,five_min_market_20250819_0159.csv
2025-08-19 03:04:40,111.53125,19AUG25,0.0019731031746031747,111.5,P,0.046875,0.078125,0.0423652418865146,3.195290370631015,-0.41286806700537093,-26.421904816075717,2.7434581508305884,13.701754097701636,4049.4636846069757,1.0613435813382783,-55.576150835648654,0.017296509340617904,1.1069074117621833,XCME.GY3.19AUG25.111:5.P,,five_min_market_20250819_0204.csv
2025-08-19 03:09:39,111.515625,19AUG25,0.0019731031746031747,111.5,P,0.0625,0.078125,0.0489506761183378,3.183773381185425,-0.4560124068528634,-29.182969988955843,2.8037696002048995,13.76755268848225,2163.6860228338733,0.5670909659210734,-56.38921917458643,0.017613037725685583,1.1271639622929746,XCME.GY3.19AUG25.111:5.P,,five_min_market_20250819_0209.csv
2025-08-19 03:14:39,111.53125,19AUG25,0.0019731031746031747,111.5,P,0.046875,0.078125,0.0419969116439773,3.1739918469863575,-0.4122928638461578,-26.385094114698713,2.760966372053053,13.775874661168412,4127.349968376263,1.0817571752833361,-55.18768723062956,0.01729086496944996,1.1065461945849198,XCME.GY3.19AUG25.111:5.P,,five_min_market_20250819_0214.csv
2025-08-19 03:19:38,111.546875,19AUG25,0.0019317698412698414,111.5,P,0.046875,0.078125,0.0357091103822853,3.1969377521621962,-0.36933973293908196,-23.636265549169487,2.685540643378268,13.64737264309248,5666.423109489951,1.4851403209923448,-54.45898632717706,0.01658522208013434,1.0613878722402772,XCME.GY3.19AUG25.111:5.P,,five_min_market_20250819_0219.csv
2025-08-19 03:24:36,111.546875,19AUG25,0.0019317698412698414,111.5,P,0.046875,0.078125,0.0355604337427877,3.1879719609791346,-0.3689857526254805,-23.613612225020248,2.6922494372056813,13.676335145131592,5708.545879132743,1.49618048202861,-54.28923780657369,0.016580024556771742,1.0610552515351643,XCME.GY3.19AUG25.111:5.P,,five_min_market_20250819_0224.csv
2025-08-19 03:29:37,111.53125,19AUG25,0.0019317698412698414,111.5,P,0.046875,0.078125,0.0414121366768398,3.173579643077684,-0.4113636181714083,-26.325626108497445,2.7892255448422203,13.895512596502467,4255.148232161191,1.115252442197299,-55.738066699603955,0.017099697092494374,1.0943122151312699,XCME.GY3.19AUG25.111:5.P,,five_min_market_20250819_0229.csv
2025-08-19 03:34:37,111.515625,19AUG25,0.0018931865079365078,111.5,P,0.0625,0.078125,0.0479853785795257,3.1943202996423,-0.4552450673803988,-29.133863332076,2.852269285837548,13.969405395554881,2277.909631848288,0.5970283857146055,-57.74533586323221,0.01724893904516925,1.1038631031346513,XCME.GY3.19AUG25.111:5.P,,five_min_market_20250819_0234.csv
2025-08-19 03:34:37,111.515625,19AUG25,0.0018876746031746031,111.5,P,0.0625,0.078125,0.0479853785795257,3.1989805132303615,-0.45524506730062253,-29.133863326970637,2.852269290878704,13.969405416535935,2277.909643925034,0.5970283888798584,-57.913948924520184,0.01722381108966565,1.1022550144942427,XCME.GY3.19AUG25.111:5.P,,five_min_market_20250819_0239.csv
2025-08-19 03:44:37,111.515625,19AUG25,0.0018876746031746031,111.5,P,0.0625,0.09375,0.0475531332295702,3.173883568600078,-0.4548926812924957,-29.111312031994554,2.8745347071336163,14.062073183213313,2331.66664773554,0.6111178227876466,-57.45383226755538,0.017222083101641483,1.1021444301726484,XCME.GY3.19AUG25.111:5.P,,five_min_market_20250819_0244.csv
2025-08-19 03:49:38,111.484375,19AUG25,0.0018876746031746031,111.5,P,0.078125,0.09375,0.0629857142810621,3.1627105628805463,-0.5452659863226399,-34.89484206070366,2.884558596912276,13.72355802254891,-2356.1415190182247,-0.6175325605314865,-57.248976571745125,0.017221300602680723,1.1020943533691554,XCME.GY3.19AUG25.111:5.P,,five_min_market_20250819_0249.csv
2025-08-19 03:54:39,111.5,19AUG25,0.001849095238095238,111.5,P,0.0625,0.09375,0.0545981250320864,3.1826437086114403,-0.5,-31.997999999999998,2.915025799848223,14.03845322960921,0.0,0.0,-58.58519935971986,0.017154959848118045,1.0978488104401625,XCME.GY3.19AUG25.111:5.P,,five_min_market_20250819_0254.csv
2025-08-19 03:59:38,111.484375,19AUG25,0.001849095238095238,111.5,P,0.078125,0.09375,0.0625550607281227,3.1702657236017613,-0.5456251962992832,-34.91783006236893,2.9072484096500655,13.81497519679991,-2412.173341595877,-0.6322182127252655,-57.975290782656025,0.017042648504481835,1.0906613336928195,XCME.GY3.19AUG25.111:5.P,,five_min_market_20250819_0259.csv
2025-08-19 04:04:37,111.484375,19AUG25,0.001849095238095238,111.5,P,0.0625,0.09375,0.0623541131498229,3.1584746255548977,-0.5457947738520812,-34.92868234743779,2.917958266961261,13.858125063349231,-2438.926694622933,-0.6392301288025667,-57.75682673189091,0.017041811162997356,1.090607747187179,XCME.GY3.19AUG25.111:5.P,,five_min_market_20250819_0304.csv
2025-08-19 04:09:40,111.5,19AUG25,0.00180225,111.5,P,0.0625,0.078125,0.0539765328305393,3.1870391717309587,-0.5,-31.997999999999998,2.9485951532231587,14.175936114061129,0.0,0.0,-59.42366225477778,0.01693626275739038,1.0838530714219548,XCME.GY3.19AUG25.111:5.P,,five_min_market_20250819_0309.csv
2025-08-19 04:14:37,111.5,19AUG25,0.00180225,111.5,P,0.0625,0.078125,0.0538132718470123,3.1773994427153944,-0.5,-31.997999999999998,2.9575407260937157,14.21257260054875,0.0,0.0,-59.24392552410643,0.01693626275739038,1.0838530714219548,XCME.GY3.19AUG25.111:5.P,,five_min_market_20250819_0314.csv
2025-08-19 04:19:38,111.5,19AUG25,0.00180225,111.5,P,0.0625,0.078125,0.0536172317076122,3.165824271604251,-0.5,-31.997999999999998,2.9683543521941194,14.256859676652457,0.0,0.0,-59.02810167583026,0.01693626275739038,1.0838530714219548,XCME.GY3.19AUG25.111:5.P,,five_min_market_20250819_0319.csv
2025-08-19 04:24:37,111.515625,19AUG25,0.0017581587301587303,111.5,P,0.0625,0.078125,0.0460084506871539,3.1957555855886404,-0.45358651050260346,-29.027722326124607,2.957024844339198,14.405396468894514,2538.1910162161794,0.6652467963873053,-59.91996489735069,0.016614474578268243,1.0632599151108544,XCME.GY3.19AUG25.111:5.P,,five_min_market_20250819_0324.csv
2025-08-19 04:29:38,111.546875,19AUG25,0.0017581587301587303,111.5,P,0.046875,0.078125,0.0329747064813404,3.177721616074994,-0.3624939601888132,-23.198163476243288,2.8144287714635596,14.203984672621592,6511.230596036295,1.7065600133631653,-56.38861424003609,0.015724041869716647,1.0062757834943865,XCME.GY3.19AUG25.111:5.P,,five_min_market_20250819_0329.csv
2025-08-19 04:34:37,111.515625,19AUG25,0.0017581587301587303,111.5,P,0.0625,0.078125,0.0455979980753582,3.1710498856823137,-0.4532265573144083,-29.004686761892874,2.979746173522876,14.49996320366428,2597.143290321035,0.6806978838891693,-59.450413925006124,0.01661270780436806,1.0631468486483382,XCME.GY3.19AUG25.111:5.P,,five_min_market_20250819_0334.csv
2025-08-19 04:39:38,111.53125,19AUG25,0.001714063492063492,111.5,P,0.046875,0.0625,0.0385924146537775,3.19379867665871,-0.40658615609960924,-26.01988764575059,2.9340021587698333,14.50850882454162,4951.165074789452,1.297674872909512,-59.380652543938176,0.01606182429086134,1.0278925073179623,XCME.GY3.19AUG25.111:5.P,,five_min_market_20250819_0339.csv
2025-08-19 04:44:38,111.546875,19AUG25,0.001714063492063492,111.5,P,0.046875,0.0625,0.0324138807286118,3.1821884392226716,-0.36099640449698267,-23.102325902188902,2.842377571548868,14.324738382338245,6704.4301175515,1.7571966131818624,-57.10879786550748,0.015503671800934886,0.9921729805726289,XCME.GY3.19AUG25.111:5.P,,five_min_market_20250819_0344.csv
2025-08-19 04:49:39,111.546875,19AUG25,0.001714063492063492,111.5,P,0.046875,0.0625,0.0321981249002903,3.1682681747575545,-0.360411173053935,-23.064873430759622,2.8532750708829613,14.37182693232619,6780.737972315429,1.7771965090118333,-56.82729386419485,0.01549503215443821,0.9916200777554277,XCME.GY3.19AUG25.111:5.P,,five_min_market_20250819_0349.csv
2025-08-19 04:54:38,111.5625,19AUG25,0.0016782420634920635,111.5,P,0.046875,0.0625,0.0267390173627007,3.1902058777410525,-0.3162443576164524,-20.23837391002249,2.7227155318157696,14.02262252953945,7684.454549918432,2.014055970829932,-54.98055937605682,0.014577249319162088,0.932885647429097,XCME.GY3.19AUG25.111:5.P,,five_min_market_20250819_0354.csv
2025-08-19 04:59:36,111.546875,19AUG25,0.0016699722222222222,111.5,P,0.046875,0.0625,0.0317764840695247,3.182237181190456,-0.3592525027792596,-22.990723167861493,2.8748092555650233,14.464886342779542,6933.146105812035,1.8171418960627779,-57.762181842069865,0.015277448466019259,0.9776955920313684,XCME.GY3.19AUG25.111:5.P,,five_min_market_20250819_0359.csv
2025-08-19 05:04:36,111.546875,19AUG25,0.0016699722222222222,111.5,P,0.046875,0.0625,0.0315842625265361,3.169651930259132,-0.3587175832510756,-22.956490457735836,2.884732270530134,14.507772593670115,7004.10152544833,1.8357389462050995,-57.504009017489956,0.015269553351164925,0.9771903362611506,XCME.GY3.19AUG25.111:5.P,,five_min_market_20250819_0404.csv
2025-08-19 05:09:38,111.546875,19AUG25,0.0016369047619047617,111.5,P,0.046875,0.0625,0.0373297191780608,3.578938701054763,-0.37307338196606654,-23.875204152300395,2.614493865410154,13.34072008943532,5232.609151903361,1.3714399163857605,-66.44550564064927,0.015316703283400788,0.9802077433245169,XCME.GY3.19AUG25.111:5.P,,five_min_market_20250819_0409.csv
2025-08-19 05:14:37,111.546875,19AUG25,0.0016258809523809522,111.5,P,0.046875,0.0625,0.031207541785335,3.187325909678182,-0.3576568104874913,-22.888605243957493,2.9043750919568,14.592674779030506,7145.912637791672,1.8729069085750731,-58.543018810513544,0.01505108886433461,0.9632094829619576,XCME.GY3.19AUG25.111:5.P,,five_min_market_20250819_0414.csv
2025-08-19 05:19:36,111.546875,19AUG25,0.0016258809523809522,111.5,P,0.046875,0.0625,0.0310675530182465,3.1780232240810795,-0.3572583726035614,-22.863106813137517,2.91174105387064,14.624515426887458,7199.555639689779,1.8869664631686092,-58.34939354001288,0.015045220587973418,0.9628339367479468,XCME.GY3.19AUG25.111:5.P,,five_min_market_20250819_0419.csv
2025-08-19 05:24:39,111.5625,19AUG25,0.001592813492063492,111.5,P,0.03125,0.0625,0.0255573312099386,3.1911831986690986,-0.3118074301357703,-19.954428298968757,2.777042830622554,14.263754426163151,8123.42630976616,2.1291082088520077,-56.11196983773159,0.014115596666835348,0.9033417242907948,XCME.GY3.19AUG25.111:5.P,,five_min_market_20250819_0424.csv
2025-08-19 05:29:38,111.5625,19AUG25,0.0015817896825396824,111.5,P,0.03125,0.0625,0.0253581714012086,3.1881183542331417,-0.3110366536253675,-19.905101685409015,2.786392153601103,14.305281727723203,8200.135322333641,2.1492132460767572,-56.19278710434636,0.014051588160589726,0.8992454359251001,XCME.GY3.19AUG25.111:5.P,,five_min_market_20250819_0429.csv
2025-08-19 05:29:38,111.5625,19AUG25,0.0015817896825396824,111.5,P,0.03125,0.0625,0.0253581714012086,3.1881183542331417,-0.3110366536253675,-19.905101685409015,2.786392153601103,14.305281727723203,8200.135322333641,2.1492132460767572,-56.19278710434636,0.014051588160589726,0.8992454359251001,XCME.GY3.19AUG25.111:5.P,,five_min_market_20250819_0434.csv
2025-08-19 05:39:38,111.578125,19AUG25,0.0015514761904761904,111.5,P,0.03125,0.046875,0.0205128437160766,3.194635885535686,-0.2673447295020721,-17.108993309214604,2.614641085843359,13.785383369303998,7927.866556970761,2.0778530045674333,-52.94491756738993,0.01295921103552403,0.8293376694293958,XCME.GY3.19AUG25.111:5.P,,five_min_market_20250819_0439.csv
2025-08-19 05:44:38,111.59375,19AUG25,0.0015376984126984127,111.5,P,0.03125,0.046875,0.0164461467708321,3.1919365490296028,-0.2269287970781141,-14.52253529781099,2.407690302958097,13.107565834276214,6324.944535200907,1.657735395991737,-48.67193209354278,0.011817511655726157,0.7562734759198511,XCME.GY3.19AUG25.111:5.P,,five_min_market_20250819_0444.csv
2025-08-19 05:49:37,111.59375,19AUG25,0.0015376984126984127,111.5,P,0.03125,0.046875,0.0162556801477223,3.175796363709603,-0.22578326369111712,-14.44922574317673,2.413019573009582,13.134203036131485,6320.151720958902,1.6564792240567632,-48.28759798657255,0.01178378087059731,0.7541148405947454,XCME.GY3.19AUG25.111:5.P,,five_min_market_20250819_0449.csv
2025-08-19 05:54:37,111.59375,19AUG25,0.0015101428571428573,111.5,P,0.03125,0.046875,0.0161029107321866,3.191542443128594,-0.22485599092385034,-14.389883995162725,2.417282112416787,13.155554760813944,6314.720255672176,1.6550556649713362,-48.85376629755915,0.011650538395415492,0.7455878551530098,XCME.GY3.19AUG25.111:5.P,,five_min_market_20250819_0454.csv
2025-08-19 05:59:37,111.59375,19AUG25,0.0014936071428571427,111.5,P,0.03125,0.046875,0.0159274021354605,3.193992537837484,-0.22378124841260028,-14.321104773412767,2.422164662769375,13.180065105817734,6306.647157623624,1.6529397475406118,-49.02763246292294,0.011555106241782987,0.739480579049144,XCME.GY3.19AUG25.111:5.P,,five_min_market_20250819_0459.csv
2025-08-19 06:04:37,111.625,19AUG25,0.0014936071428571427,111.5,P,0.015625,0.046875,0.0125558383760023,3.4561300149528593,-0.17467770539422112,-11.178674434408574,1.9276353418355263,11.360961079049732,1677.4520644050644,0.43965154900055686,-45.68509024215888,0.009950647317526033,0.636801625732396,XCME.GY3.19AUG25.111:5.P,,five_min_market_20250819_0504.csv
2025-08-19 06:09:38,111.625,19AUG25,0.001466047619047619,111.5,P,0.015625,0.046875,0.0097706382627507,3.194440146214936,-0.15339583895773345,-9.816720109939109,1.9348377849189708,11.479842437417147,-718.3997651858004,-0.18828887946648612,-39.17450648821664,0.009061234966121616,0.5798827928919189,XCME.GY3.19AUG25.111:5.P,,five_min_market_20250819_0509.csv
2025-08-19 06:14:38,111.625,19AUG25,0.001466047619047619,111.5,P,0.015625,0.046875,0.0096463859678692,3.1806990476551995,-0.15235334724327876,-9.750004810180867,1.934429522865779,11.482548870271625,-871.9084063351042,-0.22852270390676815,-38.83001272993173,0.009020353707196766,0.5772665558457643,XCME.GY3.19AUG25.111:5.P,,five_min_market_20250819_0514.csv
2025-08-19 06:19:39,111.625,19AUG25,0.0014495158730158729,111.5,P,0.015625,0.046875,0.0094902559615377,3.1813306457708093,-0.15103048228649651,-9.66534674440663,1.9338023125067452,11.485536170581176,-1072.2184073018325,-0.28102292377836213,-38.832840314174135,0.00891751523101683,0.570685304724153,XCME.GY3.19AUG25.111:5.P,,five_min_market_20250819_0519.csv
2025-08-19 06:24:38,111.609375,19AUG25,0.0014247142857142857,111.5,P,0.015625,0.046875,0.0119493043670644,3.1941282491345944,-0.1821511926945547,-11.656947727680722,2.1927043390418364,12.415159333859911,2920.2576832606283,0.7653845025858711,-44.386841157973066,0.009978383811972753,0.6385766504310083,XCME.GY3.19AUG25.111:5.P,,five_min_market_20250819_0524.csv
2025-08-19 06:29:38,111.609375,19AUG25,0.0014247142857142857,111.5,P,0.015625,0.046875,0.0118099754824073,3.180140601539546,-0.18109823838324446,-11.589562863574113,2.194373371072321,12.426417242646584,2827.3825002346625,0.7410423953224018,-44.03242775054854,0.00994224875640446,0.6362641514148598,XCME.GY3.19AUG25.111:5.P,,five_min_market_20250819_0529.csv
2025-08-19 06:34:38,111.609375,19AUG25,0.0014026666666666666,111.5,P,0.015625,0.03125,0.0116324852852472,3.187002947901456,-0.17974334693576322,-11.502855230501101,2.196417740130658,12.440480475704705,2703.2488817302747,0.7085076130674738,-44.26386541289362,0.009818652377167563,0.6283544775292154,XCME.GY3.19AUG25.111:5.P,,five_min_market_20250819_0534.csv
2025-08-19 06:39:38,111.609375,19AUG25,0.001383376984126984,111.5,P,0.015625,0.03125,0.011472960388204,3.1927510061146287,-0.1785124185033189,-11.424080734538395,2.198173377097452,12.452840565278922,2585.8620879748746,0.6777411388403402,-44.459186112171906,0.009708844379074578,0.6213272048832567,XCME.GY3.19AUG25.111:5.P,,five_min_market_20250819_0539.csv
2025-08-19 06:44:27,111.59375,19AUG25,0.001383376984126984,111.5,P,0.03125,0.046875,0.0143760459448856,3.177506531542567,-0.21381371243203007,-13.683222340800196,2.4644022120278115,13.394912133749266,6132.5429474470175,1.6073079305033773,-49.36895759652576,0.010832746687275773,0.6932524569989004,XCME.GY3.19AUG25.111:5.P,,five_min_market_20250819_0544.csv
2025-08-19 06:49:27,111.609375,19AUG25,0.0013585753968253969,111.5,P,0.03125,0.046875,0.0111684877645786,3.1899843165072412,-0.1761275007101586,-11.27145553544731,2.201295888159364,12.475645426644085,2345.5682576640697,0.6147613631715246,-44.44521195410346,0.009540051423500015,0.610525130898307,XCME.GY3.19AUG25.111:5.P,,five_min_market_20250819_0549.csv
2025-08-19 06:54:27,111.59375,19AUG25,0.0013392857142857143,111.5,P,0.03125,0.046875,0.0140321277925324,3.1970181098542096,-0.2114819753192504,-13.534000492530748,2.4734644177017184,13.441819584358953,6063.417228484072,1.5891904354865436,-50.16090038846071,0.010590683755543381,0.6777613976197542,XCME.GY3.19AUG25.111:5.P,,five_min_market_20250819_0554.csv
2025-08-19 06:59:28,111.578125,19AUG25,0.0013392857142857143,111.5,P,0.03125,0.046875,0.0174558795022932,3.1804598086078615,-0.25104087800620645,-16.065612028885187,2.736222748674369,14.351795788676391,8670.21189374945,2.27241789505439,-54.9162326682404,0.01165506224940718,0.7458773637130619,XCME.GY3.19AUG25.111:5.P,,five_min_market_20250819_0559.csv
2025-08-19 07:04:28,111.609375,19AUG25,0.0013144841269841269,111.5,P,0.03125,0.046875,0.010727450852869,3.195745177504568,-0.17258690324323567,-11.04487145995411,2.2052400072478036,12.50666902846554,1956.2297941201534,0.5127177565524056,-44.68580755188815,0.009263675874883982,0.5928382012890753,XCME.GY3.19AUG25.111:5.P,,five_min_market_20250819_0604.csv
2025-08-19 07:09:28,111.609375,19AUG25,0.0012979484126984127,111.5,P,0.015625,0.03125,0.008133512952881,2.9214478308618,-0.14936027306344624,-9.558460034968306,2.2089531719904767,12.61942809692571,-1742.5394880280203,-0.45671062760167147,-37.40694521637845,0.008376104295245587,0.5360371704785366,XCME.GY3.19AUG25.111:5.P,,five_min_market_20250819_0609.csv
2025-08-19 07:14:28,111.59375,19AUG25,0.0012979484126984127,111.5,P,0.015625,0.046875,0.0133731240740502,3.18391528455498,-0.20687874109370052,-13.23941191503246,2.4904067322814987,13.530540214431053,5891.5297069378485,1.5441396011257618,-50.09135189791486,0.010291749741146584,0.6586308164344168,XCME.GY3.19AUG25.111:5.P,,five_min_market_20250819_0614.csv
2025-08-19 07:19:27,111.59375,19AUG25,0.0012979484126984127,111.5,P,0.015625,0.046875,0.0102371625270621,2.8678752471594655,-0.18210675010022492,-11.654103579413993,2.5582388940960956,13.912388382414706,3969.544901738045,1.0403972798443957,-41.74755755276069,0.009522671099835574,0.6094128597050773,XCME.GY3.19AUG25.111:5.P,,five_min_market_20250819_0619.csv
2025-08-19 07:24:27,111.59375,19AUG25,0.001270392857142857,111.5,P,0.03125,0.046875,0.0129836136930379,3.179851437765877,-0.20407000590562874,-13.059664097936615,2.500111687764229,13.582083431096292,5762.013270641377,1.5101940100432703,-50.158268336259745,0.010099602563938478,0.6463341656818069,XCME.GY3.19AUG25.111:5.P,,five_min_market_20250819_0624.csv
2025-08-19 07:29:27,111.59375,19AUG25,0.0012566150793650792,111.5,P,0.015625,0.046875,0.0127961520728235,3.178536123921561,-0.20269383979031552,-12.971594971221032,2.504688004362826,13.606605578567581,5691.341191886251,1.4916712220870014,-50.2085179891848,0.010004215869326103,0.6402297987733933,XCME.GY3.19AUG25.111:5.P,,five_min_market_20250819_0629.csv
2025-08-19 07:34:27,111.59375,19AUG25,0.0012566150793650792,111.5,P,0.03125,0.046875,0.0126218513857594,3.1610804555085603,-0.20139966044794622,-12.888772670026764,2.508883021116239,13.629221772646057,5620.395720731007,1.4730767793903394,-49.741740236200854,0.009965939100302258,0.6377802386629433,XCME.GY3.19AUG25.111:5.P,,five_min_market_20250819_0634.csv
2025-08-19 07:39:27,111.59375,19AUG25,0.0012263015873015873,111.5,P,0.03125,0.046875,0.0124655525789024,3.1840084524084045,-0.2002268931834611,-12.813720256168777,2.5125926758086345,13.6493402414931,5552.259305473593,1.4552185757808718,-50.54055153635696,0.009810555338421557,0.627836299437626,XCME.GY3.19AUG25.111:5.P,,five_min_market_20250819_0639.csv
2025-08-19 07:44:26,111.625,19AUG25,0.0012152777777777778,111.5,P,0.015625,0.03125,0.0071973464553138,3.1794565739774514,-0.12970919158906768,-8.300869424933977,1.90563141508092,11.459712018702945,-5271.205013079555,-1.3815556928727282,-38.22206639151914,0.007363212901353975,0.47121617283504896,XCME.GY3.19AUG25.111:5.P,,five_min_market_20250819_0644.csv
2025-08-19 07:49:27,111.625,19AUG25,0.0012152777777777778,111.5,P,0.015625,0.03125,0.0070561367759012,3.160204692985083,-0.12826367838256547,-8.208362361770659,1.902397953142594,11.452540569551648,-5631.117241159411,-1.4758868346902865,-37.696520111328994,0.007306209822243941,0.4675682037843232,XCME.GY3.19AUG25.111:5.P,,five_min_market_20250819_0649.csv
2025-08-19 07:54:27,111.609375,19AUG25,0.0011822103174603173,111.5,P,0.015625,0.046875,0.0091521159234986,3.185833532998534,-0.15901873573157044,-10.176563011877581,2.212298779912403,12.592564450870071,60.49491727898651,0.015855406334845053,-44.55119952543457,0.008332236804932266,0.5332298265684453,XCME.GY3.19AUG25.111:5.P,,five_min_market_20250819_0654.csv
2025-08-19 07:59:27,111.640625,19AUG25,0.0011711865079365078,111.5,P,0.015625,0.03125,0.0050499858840282,3.1820909504929613,-0.09829480303491178,-6.290474215022214,1.591419812076444,10.304802596037417,-12597.00465109686,-3.301610057981716,-31.972706497033695,0.005930938348173966,0.37955633052974114,XCME.GY3.19AUG25.111:5.P,,five_min_market_20250819_0659.csv
2025-08-19 08:04:27,111.625,19AUG25,0.0011711865079365078,111.5,P,0.015625,0.03125,0.0066811687794228,3.166298725687301,-0.12433762895495981,-7.957110902601608,1.8926950144811634,11.429291708139719,-6664.006257314895,-1.7466017275533967,-37.64903716044263,0.007018730790212401,0.44917069565043277,XCME.GY3.19AUG25.111:5.P,,five_min_market_20250819_0704.csv
2025-08-19 08:09:27,111.59375,19AUG25,0.0011381190476190477,111.5,P,0.015625,0.046875,0.0113774462028005,3.1884366909373236,-0.19172294748840413,-12.269501747467912,2.5368100119698367,13.784238623439984,4940.889940308956,1.2949818130681023,-51.169715561988966,0.009205628252356787,0.589123385637825,XCME.GY3.19AUG25.111:5.P,,five_min_market_20250819_0709.csv
2025-08-19 08:14:27,111.59375,19AUG25,0.0011298492063492062,111.5,P,0.015625,0.046875,0.0112061080850623,3.181362623849192,-0.19032652915417803,-12.180136559750776,2.5403237631283475,13.804494106204622,4819.393080005649,1.2631381115611993,-51.01347205460948,0.009131092244215063,0.5843533792607872,XCME.GY3.19AUG25.111:5.P,,five_min_market_20250819_0714.csv
2025-08-19 08:19:27,111.625,19AUG25,0.0011298492063492062,111.5,P,0.015625,0.03125,0.006265571741963,3.162637480836623,-0.11982825856908486,-7.668529235387155,1.879835113860207,11.395563494880316,-7955.554639678655,-2.085109908481226,-37.30680423315579,0.006717221293452003,0.4298752938957544,XCME.GY3.19AUG25.111:5.P,,five_min_market_20250819_0719.csv
2025-08-19 08:24:26,111.640625,19AUG25,0.0010940238095238095,111.5,P,0.015625,0.03125,0.0044958109349124,3.1932009573819164,-0.0915214834688074,-5.857008856069798,1.5567689547099295,10.191338367126372,-15165.004360428182,-3.9746695593516836,-31.49532741022322,0.005438475630517955,0.348040686450627,XCME.GY3.19AUG25.111:5.P,,five_min_market_20250819_0724.csv
2025-08-19 08:29:26,111.640625,19AUG25,0.0010885158730158729,111.5,P,0.015625,0.03125,0.0043853967537614,3.1808014990828357,-0.09012077332941193,-5.767369009989046,1.5489583148134818,10.165232967618639,-15736.43058392731,-4.124437430298286,-31.094410566874302,0.005363040345281789,0.3432131299366533,XCME.GY3.19AUG25.111:5.P,,five_min_market_20250819_0729.csv
2025-08-19 08:34:26,111.625,19AUG25,0.0010885158730158729,111.5,P,0.015625,0.03125,0.0058610755119303,3.159936422110053,-0.11526660182376691,-7.376601450313787,1.86487741112153,11.353463360897509,-9384.582766081725,-2.4596508224484466,-36.94676697106697,0.0064145087159684176,0.4105028997871148,XCME.GY3.19AUG25.111:5.P,,five_min_market_20250819_0734.csv
2025-08-19 08:39:27,111.671875,19AUG25,0.0010885158730158729,111.5,P,0.007,0.03125,0.0029781912321453,3.381506924049583,-0.06170917744265869,-3.9491405196203853,1.0914557714054514,8.410865486525894,-20699.464419136304,-5.425223044202367,-24.762595718596838,0.004017456556351458,0.25710114978026793,XCME.GY3.19AUG25.111:5.P,,five_min_market_20250819_0739.csv
2025-08-19 08:44:27,111.6875,19AUG25,0.0010444206349206348,111.5,P,0.007,0.015625,0.001398138997942,,,,,,,,,,,XCME.GY3.19AUG25.111:5.P,Market price 0.001398 below minimum safeguard 0.001953,five_min_market_20250819_0744.csv
2025-08-19 08:49:27,111.671875,19AUG25,0.0010444206349206348,111.5,P,0.007,0.015625,0.0019563491464538,3.1632285170009604,-0.04635262615617641,-2.966382663490666,0.9495520449000661,7.894197990600572,-28528.32384793469,-7.477126790256402,-18.851650144716,0.003137074151628152,0.2007601974075952,XCME.GY3.19AUG25.111:5.P,,five_min_market_20250819_0749.csv
2025-08-19 08:54:27,111.6875,19AUG25,0.0010444206349206348,111.5,P,0.007,0.015625,0.001296292717086,,,,,,,,,,,XCME.GY3.19AUG25.111:5.P,Market price 0.001296 below minimum safeguard 0.001953,five_min_market_20250819_0754.csv
2025-08-19 08:59:27,111.6875,19AUG25,0.0010058412698412697,111.5,P,0.007,0.015625,0.0012510085192474,,,,,,,,,,,XCME.GY3.19AUG25.111:5.P,Market price 0.001251 below minimum safeguard 0.001953,five_min_market_20250819_0759.csv
2025-08-19 09:04:29,111.6875,19AUG25,0.0010058412698412697,111.5,P,0.007,0.015625,0.0011986810702211,,,,,,,,,,,XCME.GY3.19AUG25.111:5.P,Market price 0.001199 below minimum safeguard 0.001953,five_min_market_20250819_0804.csv
2025-08-19 09:09:27,111.6875,19AUG25,0.0010058412698412697,111.5,P,0.007,0.015625,0.0011508005092366,,,,,,,,,,,XCME.GY3.19AUG25.111:5.P,Market price 0.001151 below minimum safeguard 0.001953,five_min_market_20250819_0809.csv
2025-08-19 09:14:27,111.671875,19AUG25,0.0009589960317460317,111.5,P,0.007,0.015625,0.0016403893118166,,,,,,,,,,,XCME.GY3.19AUG25.111:5.P,Market price 0.001640 below minimum safeguard 0.001953,five_min_market_20250819_0814.csv
2025-08-19 09:14:27,111.671875,19AUG25,0.0009589960317460317,111.5,P,0.007,0.015625,0.0016403893118166,,,,,,,,,,,XCME.GY3.19AUG25.111:5.P,Market price 0.001640 below minimum safeguard 0.001953,five_min_market_20250819_0819.csv
2025-08-19 09:24:27,111.671875,19AUG25,0.0009589960317460317,111.5,P,0.007,0.015625,0.0015127403158175,,,,,,,,,,,XCME.GY3.19AUG25.111:5.P,Market price 0.001513 below minimum safeguard 0.001953,five_min_market_20250819_0824.csv
2025-08-19 09:29:26,111.65625,19AUG25,0.000914904761904762,111.5,P,0.007,0.015625,0.0014487985948648,,,,,,,,,,,XCME.GY3.19AUG25.111:5.P,Market price 0.001449 below minimum safeguard 0.001953,five_min_market_20250819_0829.csv
2025-08-19 09:34:26,111.671875,19AUG25,0.000914904761904762,111.5,P,0.007,0.015625,0.0013909109732992,,,,,,,,,,,XCME.GY3.19AUG25.111:5.P,Market price 0.001391 below minimum safeguard 0.001953,five_min_market_20250819_0834.csv
2025-08-19 09:39:26,111.6875,19AUG25,0.000914904761904762,111.5,P,,0.015625,0.0008715373134151,,,,,,,,,,,XCME.GY3.19AUG25.111:5.P,Market price 0.000872 below minimum safeguard 0.001953,five_min_market_20250819_0839.csv
2025-08-19 09:44:27,111.703125,19AUG25,0.0008763214285714286,111.5,P,,0.015625,0.0005268397362812,,,,,,,,,,,XCME.GY3.19AUG25.111:5.P,Market price 0.000527 below minimum safeguard 0.001953,five_min_market_20250819_0844.csv
2025-08-19 09:49:28,111.734375,19AUG25,0.0008708095238095238,111.5,P,,0.007,0.0003074252602033,,,,,,,,,,,XCME.GY3.19AUG25.111:5.P,Market price 0.000307 below minimum safeguard 0.001953,five_min_market_20250819_0849.csv
2025-08-19 09:54:27,111.71875,19AUG25,0.0008708095238095238,111.5,P,,0.007,0.0002892718278957,,,,,,,,,,,XCME.GY3.19AUG25.111:5.P,Market price 0.000289 below minimum safeguard 0.001953,five_min_market_20250819_0854.csv
2025-08-19 09:59:26,111.71875,19AUG25,0.0008349880952380952,111.5,P,,0.007,0.0002695684684113,,,,,,,,,,,XCME.GY3.19AUG25.111:5.P,Market price 0.000270 below minimum safeguard 0.001953,five_min_market_20250819_0859.csv
2025-08-19 10:04:26,111.75,19AUG25,0.0008267182539682539,111.5,P,,0.007,8.72446050124154e-05,,,,,,,,,,,XCME.GY3.19AUG25.111:5.P,Market price 0.000087 below minimum safeguard 0.001953,five_min_market_20250819_0904.csv
2025-08-19 10:09:26,111.75,19AUG25,0.0008267182539682539,111.5,P,,0.007,7.90840815909632e-05,,,,,,,,,,,XCME.GY3.19AUG25.111:5.P,Market price 0.000079 below minimum safeguard 0.001953,five_min_market_20250819_0909.csv
2025-08-19 10:14:26,111.734375,19AUG25,0.0007936507936507937,111.5,P,,0.007,0.0001278484123758,,,,,,,,,,,XCME.GY3.19AUG25.111:5.P,Market price 0.000128 below minimum safeguard 0.001953,five_min_market_20250819_0914.csv
2025-08-19 10:19:26,111.734375,19AUG25,0.0007826269841269841,111.5,P,,0.007,0.0001184768201909,,,,,,,,,,,XCME.GY3.19AUG25.111:5.P,Market price 0.000118 below minimum safeguard 0.001953,five_min_market_20250819_0919.csv
2025-08-19 10:29:26,111.734375,19AUG25,0.0007495595238095238,111.5,P,,0.007,0.0037967386436292,5.475873658157441,-0.05898574583669025,-3.774851790564829,0.7840350126165894,7.1632658657815504,-11806.337474323838,-3.0943802620379226,-46.64571555357633,0.0032180664183418055,0.20594337850820219,XCME.GY3.19AUG25.111:5.P,,five_min_market_20250819_0929.csv
2025-08-19 10:34:27,111.734375,19AUG25,0.0007385357142857143,111.5,P,,0.007,0.0036193489483338,5.460364310776747,-0.05711725827845582,-3.6552760607880583,0.7723222869906182,7.123144186090275,-12286.597331916919,-3.2202538978896103,-45.688959727742755,0.0031145240500190484,0.199317081105019,XCME.GY3.19AUG25.111:5.P,,five_min_market_20250819_0934.csv
2025-08-19 10:39:27,111.71875,19AUG25,0.0007385357142857143,111.5,P,,0.007,0.0044224739881002,5.408126507740401,-0.0683246119118831,-4.372501863912871,0.8966706889918282,7.5853406910345855,-11035.611718254533,-2.892377009783633,-52.035067383395656,0.003581387532976701,0.22919447656037698,XCME.GY3.19AUG25.111:5.P,,five_min_market_20250819_0939.csv
2025-08-19 10:44:27,111.734375,19AUG25,0.0007082222222222222,111.5,P,,0.007,0.0033008309362401,5.4690130492766205,-0.053661837863712925,-3.4341429759261723,0.749568432450843,7.044468813246739,-13213.075547851577,-3.4630790679163974,-44.48347136846293,0.0029032858508620325,0.1857986813117666,XCME.GY3.19AUG25.111:5.P,,five_min_market_20250819_0944.csv
2025-08-19 10:49:27,111.71875,19AUG25,0.0006944444444444444,111.5,P,,0.007,0.0040421763401496,5.465165558008198,-0.06439524198412905,-4.121037906016322,0.8740258090259204,7.509102210207018,-12047.903389500862,-3.1576934446003007,-51.79649421564743,0.0033171498252074377,0.2122843202139752,XCME.GY3.19AUG25.111:5.P,,five_min_market_20250819_0949.csv
2025-08-19 10:54:27,111.71875,19AUG25,0.0006944444444444444,111.5,P,,0.007,0.0038697195554249,5.4125981146127025,-0.06255907815563833,-4.003530765648231,0.8628668246680159,7.4711126115781505,-12544.009872789271,-3.2877203994535984,-50.15622004506343,0.003243299547472189,0.20755819784003018,XCME.GY3.19AUG25.111:5.P,,five_min_market_20250819_0954.csv
2025-08-19 10:59:26,111.75,19AUG25,0.000666888888888889,111.5,P,,0.007,0.0021662301643914,5.466349551608662,-0.03828126395795739,-2.449847768253441,0.5890129756823723,6.451514274552234,-15786.999187781757,-4.137691200994434,-34.9211972751413,0.0021472160438565716,0.13741323794264515,XCME.GY3.19AUG25.111:5.P,,five_min_market_20250819_0959.csv
2025-08-19 11:04:26,111.734375,19AUG25,0.000666888888888889,111.5,P,,0.007,0.0026983941484957,5.410421217382274,-0.04672579431461632,-2.990263932958186,0.6992364425493207,6.867466134689826,-15227.561638556173,-3.9910654998461053,-40.61212116810394,0.0025229498261982166,0.16145869707738109,XCME.GY3.19AUG25.111:5.P,,five_min_market_20250819_1004.csv
2025-08-19 11:09:26,111.734375,19AUG25,0.0006503531746031746,111.5,P,,0.007,0.0025602277814584,5.4225243591516845,-0.045050505656196616,-2.8830521599739587,0.686062620385537,6.820549116258498,-15745.639268698109,-4.1268509791618575,-40.02545195912174,0.0024194382031894556,0.1548343672513124,XCME.GY3.19AUG25.111:5.P,,five_min_market_20250819_1009.csv
2025-08-19 11:14:26,111.734375,19AUG25,0.0006227936507936508,111.5,P,,0.007,0.0024130996744844,5.478047925438086,-0.043227205437192606,-2.7663682391585778,0.6712379567263151,6.767492744820741,-16323.411362024188,-4.278282069915677,-39.96663875755583,0.0022900581515683687,0.14655456146776932,XCME.GY3.19AUG25.111:5.P,,five_min_market_20250819_1014.csv
2025-08-19 11:19:27,111.75,19AUG25,0.0006227936507936508,111.5,P,,0.007,0.0017068632934211,,,,,,,,,,,XCME.GY3.19AUG25.111:5.P,Market price 0.001707 below minimum safeguard 0.001953,five_min_market_20250819_1019.csv
2025-08-19 11:24:27,111.75,19AUG25,0.0006062619047619048,111.5,P,,0.007,0.0015972137146746,,,,,,,,,,,XCME.GY3.19AUG25.111:5.P,Market price 0.001597 below minimum safeguard 0.001953,five_min_market_20250819_1024.csv
2025-08-19 11:29:27,111.734375,19AUG25,0.0005814603174603175,111.5,P,,0.007,0.0020184311661637,5.482069308385614,-0.03811503430837149,-2.4392097355985416,0.6267627566034757,6.606816214449498,-18018.92184237711,-4.722666636754682,-37.37332085479695,0.0019978725733492617,0.12785585320405934,XCME.GY3.19AUG25.111:5.P,,five_min_market_20250819_1029.csv
2025-08-19 11:34:27,111.734375,19AUG25,0.0005814603174603175,111.5,P,,0.007,0.0018793593156374,,,,,,,,,,,XCME.GY3.19AUG25.111:5.P,Market price 0.001879 below minimum safeguard 0.001953,five_min_market_20250819_1034.csv
2025-08-19 11:39:27,111.71875,19AUG25,0.0005594126984126984,111.5,P,,0.007,0.0023751859772005,5.4504979740415065,-0.04486167431069721,-2.8709677091873784,0.7334477220073302,7.015407323738591,-18143.270686794946,-4.755257828613343,-43.2325639646807,0.0022363391514885296,0.14311676033865994,XCME.GY3.19AUG25.111:5.P,,five_min_market_20250819_1039.csv
2025-08-19 11:44:26,111.703125,19AUG25,0.0005594126984126984,111.5,P,,0.007,0.0029963180648593,5.3849919040320415,-0.05537604537286289,-3.543845399681733,0.8781208188145392,7.563753899489027,-16971.086094453614,-4.448034282454823,-50.523548640342064,0.00264528000259141,0.16928733904583987,XCME.GY3.19AUG25.111:5.P,,five_min_market_20250819_1044.csv
2025-08-19 11:49:26,111.734375,19AUG25,0.0005401230158730159,111.5,P,,0.007,0.0015177485614259,,,,,,,,,,,XCME.GY3.19AUG25.111:5.P,Market price 0.001518 below minimum safeguard 0.001953,five_min_market_20250819_1049.csv
2025-08-19 11:54:26,111.734375,19AUG25,0.0005153214285714286,111.5,P,,0.007,0.001405924947349,,,,,,,,,,,XCME.GY3.19AUG25.111:5.P,Market price 0.001406 below minimum safeguard 0.001953,five_min_market_20250819_1054.csv
2025-08-19 11:59:26,111.703125,19AUG25,0.0005153214285714286,111.5,P,,0.007,0.0024552965531512,5.3861073711015806,-0.04832614218592146,-3.0926797953302296,0.8208884013441482,7.358968812997487,-19629.77942994453,-5.144864116266263,-47.25019405012675,0.0022784385927637264,0.14581095618250742,XCME.GY3.19AUG25.111:5.P,,five_min_market_20250819_1059.csv
2025-08-19 12:04:26,111.71875,19AUG25,0.000496031746031746,111.5,P,,0.007,0.001659696146973,,,,,,,,,,,XCME.GY3.19AUG25.111:5.P,Market price 0.001660 below minimum safeguard 0.001953,five_min_market_20250819_1104.csv
2025-08-19 12:09:27,111.703125,19AUG25,0.000496031746031746,111.5,P,,0.007,0.0021276992456762,5.3375117253447435,-0.043751815780798675,-2.7999412027079917,0.7794884557349951,7.208628002793665,-21509.05641778305,-5.637412938516716,-44.06125219355698,0.0020637543513176604,0.132072023466925,XCME.GY3.19AUG25.111:5.P,,five_min_market_20250819_1109.csv
2025-08-19 12:14:27,111.71875,19AUG25,0.0004712301587301587,111.5,P,,0.007,0.0014095981304365,,,,,,,,,,,XCME.GY3.19AUG25.111:5.P,Market price 0.001410 below minimum safeguard 0.001953,five_min_market_20250819_1114.csv
2025-08-19 12:19:28,111.71875,19AUG25,0.00045469444444444447,111.5,P,,0.007,0.0012849976626796,,,,,,,,,,,XCME.GY3.19AUG25.111:5.P,Market price 0.001285 below minimum safeguard 0.001953,five_min_market_20250819_1119.csv
2025-08-19 12:24:26,111.703125,19AUG25,0.00045469444444444447,111.5,P,,0.007,0.0016618461951196,,,,,,,,,,,XCME.GY3.19AUG25.111:5.P,Market price 0.001662 below minimum safeguard 0.001953,five_min_market_20250819_1124.csv
2025-08-19 12:29:26,111.71875,19AUG25,0.0004271388888888889,111.5,P,,0.007,0.001523139362348,,,,,,,,,,,XCME.GY3.19AUG25.111:5.P,Market price 0.001523 below minimum safeguard 0.001953,five_min_market_20250819_1129.csv
2025-08-19 12:34:26,111.71875,19AUG25,0.0004133611111111111,111.5,P,,0.007,0.0009582239621437,,,,,,,,,,,XCME.GY3.19AUG25.111:5.P,Market price 0.000958 below minimum safeguard 0.001953,five_min_market_20250819_1134.csv
2025-08-19 12:39:26,111.703125,19AUG25,0.0004133611111111111,111.5,P,,0.007,0.0012456580470257,,,,,,,,,,,XCME.GY3.19AUG25.111:5.P,Market price 0.001246 below minimum safeguard 0.001953,five_min_market_20250819_1139.csv
2025-08-19 12:44:26,111.6875,19AUG25,0.00038304761904761907,111.5,P,,0.007,0.0016323025228501,,,,,,,,,,,XCME.GY3.19AUG25.111:5.P,Market price 0.001632 below minimum safeguard 0.001953,five_min_market_20250819_1144.csv
2025-08-19 12:49:27,111.71875,19AUG25,0.00036926984126984126,111.5,P,,0.007,0.000670586938412,,,,,,,,,,,XCME.GY3.19AUG25.111:5.P,Market price 0.000671 below minimum safeguard 0.001953,five_min_market_20250819_1149.csv
2025-08-19 12:54:27,111.734375,19AUG25,0.00036926984126984126,111.5,P,,0.007,0.0003765441668264,,,,,,,,,,,XCME.GY3.19AUG25.111:5.P,Market price 0.000377 below minimum safeguard 0.001953,five_min_market_20250819_1154.csv
2025-08-19 12:59:27,111.75,19AUG25,0.00033895634920634923,111.5,P,,0.007,0.0001990930138333,,,,,,,,,,,XCME.GY3.19AUG25.111:5.P,Market price 0.000199 below minimum safeguard 0.001953,five_min_market_20250819_1159.csv
2025-08-19 13:04:27,111.75,19AUG25,0.0003279325396825397,111.5,P,,0.007,0.0001651819202805,,,,,,,,,,,XCME.GY3.19AUG25.111:5.P,Market price 0.000165 below minimum safeguard 0.001953,five_min_market_20250819_1204.csv
2025-08-19 13:09:26,111.734375,19AUG25,0.0003279325396825397,111.5,P,,0.007,0.0002259839340723,,,,,,,,,,,XCME.GY3.19AUG25.111:5.P,Market price 0.000226 below minimum safeguard 0.001953,five_min_market_20250819_1209.csv
2025-08-19 13:14:26,111.75,19AUG25,0.0003279325396825397,111.5,P,,0.007,0.0001080860932347,,,,,,,,,,,XCME.GY3.19AUG25.111:5.P,Market price 0.000108 below minimum safeguard 0.001953,five_min_market_20250819_1214.csv
2025-08-19 13:19:26,111.78125,19AUG25,0.0002865952380952381,111.5,P,,0.007,2.62785049045533e-05,,,,,,,,,,,XCME.GY3.19AUG25.111:5.P,Market price 0.000026 below minimum safeguard 0.001953,five_min_market_20250819_1219.csv
2025-08-19 13:24:26,111.78125,19AUG25,0.0002865952380952381,111.5,P,,0.007,1.91990274203135e-05,,,,,,,,,,,XCME.GY3.19AUG25.111:5.P,Market price 0.000019 below minimum safeguard 0.001953,five_min_market_20250819_1224.csv
2025-08-19 13:29:26,111.78125,19AUG25,0.0002865952380952381,111.5,P,,0.007,1.34877382862442e-05,,,,,,,,,,,XCME.GY3.19AUG25.111:5.P,Market price 0.000013 below minimum safeguard 0.001953,five_min_market_20250819_1229.csv
2025-08-19 13:34:27,111.78125,19AUG25,0.00024526190476190476,111.5,P,,0.007,9.19855825998184e-06,,,,,,,,,,,XCME.GY3.19AUG25.111:5.P,Market price 0.000009 below minimum safeguard 0.001953,five_min_market_20250819_1234.csv
2025-08-19 13:39:27,111.78125,19AUG25,0.00024526190476190476,111.5,P,,0.007,6.08004324931244e-06,,,,,,,,,,,XCME.GY3.19AUG25.111:5.P,Market price 0.000006 below minimum safeguard 0.001953,five_min_market_20250819_1239.csv
2025-08-19 13:44:27,111.765625,19AUG25,0.00024526190476190476,111.5,P,,0.007,8.22825357715828e-06,,,,,,,,,,,XCME.GY3.19AUG25.111:5.P,Market price 0.000008 below minimum safeguard 0.001953,five_min_market_20250819_1244.csv
2025-08-19 13:49:26,111.796875,19AUG25,0.0002011666666666667,111.5,P,,0.007,9.19313094982499e-07,,,,,,,,,,,XCME.GY3.19AUG25.111:5.P,Market price 0.000001 below minimum safeguard 0.001953,five_min_market_20250819_1249.csv
2025-08-19 13:54:26,111.8125,19AUG25,0.0002011666666666667,111.5,P,,0.007,1.80207479161254e-07,,,,,,,,,,,XCME.GY3.19AUG25.111:5.P,Market price 0.000000 below minimum safeguard 0.001953,five_min_market_20250819_1254.csv
2025-08-19 13:59:26,111.796875,19AUG25,0.0002011666666666667,111.5,P,,0.007,2.13898275092106e-07,,,,,,,,,,,XCME.GY3.19AUG25.111:5.P,Market price 0.000000 below minimum safeguard 0.001953,five_min_market_20250819_1259.csv
2025-08-19 14:04:26,111.796875,19AUG25,0.00015983333333333333,111.5,P,,0.007,8.72599201784396e-08,,,,,,,,,,,XCME.GY3.19AUG25.111:5.P,Market price 0.000000 below minimum safeguard 0.001953,five_min_market_20250819_1304.csv
2025-08-19 14:09:26,111.78125,19AUG25,0.00015983333333333333,111.5,P,,0.007,9.45759381920652e-08,,,,,,,,,,,XCME.GY3.19AUG25.111:5.P,Market price 0.000000 below minimum safeguard 0.001953,five_min_market_20250819_1309.csv
2025-08-19 14:14:26,111.78125,19AUG25,0.00015983333333333333,111.5,P,,0.007,2.9188342409725e-08,,,,,,,,,,,XCME.GY3.19AUG25.111:5.P,Market price 0.000000 below minimum safeguard 0.001953,five_min_market_20250819_1314.csv
2025-08-19 14:19:26,111.78125,19AUG25,0.00011574206349206349,111.5,P,,0.007,1.64023106208333e-09,,,,,,,,,,,XCME.GY3.19AUG25.111:5.P,Market price 0.000000 below minimum safeguard 0.001953,five_min_market_20250819_1319.csv
2025-08-19 14:24:27,111.796875,19AUG25,0.00011574206349206349,111.5,P,,0.007,2.15791828850342e-10,,,,,,,,,,,XCME.GY3.19AUG25.111:5.P,Market price 0.000000 below minimum safeguard 0.001953,five_min_market_20250819_1324.csv
2025-08-19 14:29:27,111.78125,19AUG25,0.00011574206349206349,111.5,P,,0.007,9.843859061220428e-11,,,,,,,,,,,XCME.GY3.19AUG25.111:5.P,Market price 0.000000 below minimum safeguard 0.001953,five_min_market_20250819_1329.csv
2025-08-19 14:34:26,111.78125,19AUG25,7.44047619047619e-05,111.5,P,,0.007,3.82271991838934e-12,,,,,,,,,,,XCME.GY3.19AUG25.111:5.P,Market price 0.000000 below minimum safeguard 0.001953,five_min_market_20250819_1334.csv
2025-08-19 14:39:26,111.78125,19AUG25,7.165079365079365e-05,111.5,P,,0.007,2.8421709430404e-14,,,,,,,,,,,XCME.GY3.19AUG25.111:5.P,Market price 0.000000 below minimum safeguard 0.001953,five_min_market_20250819_1339.csv
