timestamp,underlying_future_price,expiry,vtexp,strike,itype,bid,ask,adjtheor,implied_vol,delta_F,delta_y,gamma_F,gamma_y,speed_F,speed_y,theta_F,vega_price,vega_y,key,calc_error
2025-08-20 03:04:31,111.65625,19AUG25,,110.0,C,,,,20.0,,,,,,,,,,XCME.GY3.19AUG25.110.C,No valid price available
2025-08-20 03:04:31,111.65625,19AUG25,,110.25,C,,,,20.0,,,,,,,,,,XCME.GY3.19AUG25.110:25.C,No valid price available
2025-08-20 03:04:31,111.65625,19AUG25,,110.5,C,,,,20.0,,,,,,,,,,XCME.GY3.19AUG25.110:5.C,No valid price available
2025-08-20 03:04:31,111.65625,19AUG25,,110.75,C,,,,20.0,,,,,,,,,,XCME.GY3.19AUG25.110:75.C,No valid price available
2025-08-20 03:04:31,111.65625,19AUG25,,111.0,C,,,,20.0,,,,,,,,,,XCME.GY3.19AUG25.111.C,No valid price available
2025-08-20 03:04:31,111.65625,19AUG25,,111.25,C,,,,20.0,,,,,,,,,,XCME.GY3.19AUG25.111:25.C,No valid price available
2025-08-20 03:04:31,111.65625,19AUG25,,111.5,C,,,,20.0,,,,,,,,,,XCME.GY3.19AUG25.111:5.C,No valid price available
2025-08-20 03:04:31,111.65625,19AUG25,,111.75,C,,,,20.0,,,,,,,,,,XCME.GY3.19AUG25.111:75.C,No valid price available
2025-08-20 03:04:31,111.65625,19AUG25,,112.0,C,,,,20.0,,,,,,,,,,XCME.GY3.19AUG25.112.C,No valid price available
2025-08-20 03:04:31,111.65625,19AUG25,,112.25,C,,,,20.0,,,,,,,,,,XCME.GY3.19AUG25.112:25.C,No valid price available
2025-08-20 03:04:31,111.65625,19AUG25,,112.5,C,,,,20.0,,,,,,,,,,XCME.GY3.19AUG25.112:5.C,No valid price available
2025-08-20 03:04:31,111.65625,19AUG25,,112.75,C,,,,20.0,,,,,,,,,,XCME.GY3.19AUG25.112:75.C,No valid price available
2025-08-20 03:04:31,111.65625,19AUG25,,113.0,C,,,,20.0,,,,,,,,,,XCME.GY3.19AUG25.113.C,No valid price available
2025-08-20 03:04:31,111.65625,19AUG25,,113.25,C,,,,20.0,,,,,,,,,,XCME.GY3.19AUG25.113:25.C,No valid price available
2025-08-20 03:04:31,111.65625,19AUG25,,113.5,C,,,,20.0,,,,,,,,,,XCME.GY3.19AUG25.113:5.C,No valid price available
2025-08-20 03:04:31,111.65625,19AUG25,,113.75,C,,,,20.0,,,,,,,,,,XCME.GY3.19AUG25.113:75.C,No valid price available
2025-08-20 03:04:31,111.65625,19AUG25,,114.0,C,,,,50.0,,,,,,,,,,XCME.GY3.19AUG25.114.C,No valid price available
2025-08-20 03:04:31,111.65625,19AUG25,,110.0,P,,,,20.0,,,,,,,,,,XCME.GY3.19AUG25.110.P,No valid price available
2025-08-20 03:04:31,111.65625,19AUG25,,110.25,P,,,,20.0,,,,,,,,,,XCME.GY3.19AUG25.110:25.P,No valid price available
2025-08-20 03:04:31,111.65625,19AUG25,,110.5,P,,,,20.0,,,,,,,,,,XCME.GY3.19AUG25.110:5.P,No valid price available
2025-08-20 03:04:31,111.65625,20AUG25,0.001984126984126984,110.0,C,1.65625,1.6875,1.671875,21.329456202962497,0.9593556190443955,61.39492219636513,0.09188553782020795,4.405609718972837,-343.7553005491064,-0.09009649430260662,-82.94232241938224,0.0038886280845670225,0.24885664289995116,XCME.WY3.20AUG25.110.C,
2025-08-20 03:04:31,111.65625,20AUG25,0.001984126984126984,110.25,C,1.40625,1.4375,1.421875,18.688355735277575,0.954418996950102,61.07899812881873,0.11504662232423239,4.4797318502006,-432.7848727721529,-0.11343068677540416,-79.72334657385382,0.004265936912970995,0.27300289868249183,XCME.WY3.20AUG25.110:25.C,
2025-08-20 03:04:31,111.65625,20AUG25,0.001984126984126984,110.5,C,1.15625,1.1875,1.171875,15.98198522874687,0.9478321510571704,60.65746633905468,0.1498521942524765,4.594612900172437,-560.0080527466608,-0.14677522718372094,-75.94409655639718,0.004751856259996798,0.30409979321475505,XCME.WY3.20AUG25.110:5.C,
2025-08-20 03:04:31,111.65625,20AUG25,0.001984126984126984,110.75,C,0.90625,0.9375,0.921875,13.19122556259325,0.9385036489550428,60.06047951852692,0.2066770671695286,4.788158777386012,-747.9955005378505,-0.1960457693159461,-71.3562546748496,0.005409372642159699,0.34617821160765205,XCME.WY3.20AUG25.110:75.C,
2025-08-20 03:04:31,111.65625,20AUG25,0.001984126984126984,111.0,C,0.65625,0.6875,0.671875,10.283734752474034,0.9240180458330877,59.13345886113427,0.31210152986537704,5.159083867837886,-1027.2719921570022,-0.26924269979476045,-65.4888092352165,0.006368193152731925,0.40753888900223223,XCME.WY3.20AUG25.111.C,
2025-08-20 03:04:31,111.65625,20AUG25,0.001984126984126984,111.25,C,0.40625,0.4375,0.422359805701647,7.255476795492815,0.8956270637151906,57.316549569517335,0.5602016607179809,6.055932855617589,-1263.9835505513743,-0.33128358043913925,-58.512111485896,0.008064543948682243,0.5160985545398687,XCME.WY3.20AUG25.111:25.C,
2025-08-20 03:04:31,111.65625,19AUG25,,110.75,P,,,,20.0,,,,,,,,,,XCME.GY3.19AUG25.110:75.P,No valid price available
2025-08-20 03:04:31,111.65625,19AUG25,,111.0,P,,,,20.0,,,,,,,,,,XCME.GY3.19AUG25.111.P,No valid price available
2025-08-20 03:04:31,111.65625,19AUG25,,111.25,P,,,,20.0,,,,,,,,,,XCME.GY3.19AUG25.111:25.P,No valid price available
2025-08-20 03:04:31,111.65625,19AUG25,,111.5,P,,,,20.0,,,,,,,,,,XCME.GY3.19AUG25.111:5.P,No valid price available
2025-08-20 03:04:31,111.65625,19AUG25,,111.75,P,,,,20.0,,,,,,,,,,XCME.GY3.19AUG25.111:75.P,No valid price available
2025-08-20 03:04:31,111.65625,19AUG25,,112.0,P,,,,20.0,,,,,,,,,,XCME.GY3.19AUG25.112.P,No valid price available
2025-08-20 03:04:31,111.65625,19AUG25,,112.25,P,,,,20.0,,,,,,,,,,XCME.GY3.19AUG25.112:25.P,No valid price available
2025-08-20 03:04:31,111.65625,19AUG25,,112.5,P,,,,20.0,,,,,,,,,,XCME.GY3.19AUG25.112:5.P,No valid price available
2025-08-20 03:04:31,111.65625,19AUG25,,112.75,P,,,,20.0,,,,,,,,,,XCME.GY3.19AUG25.112:75.P,No valid price available
2025-08-20 03:04:31,111.65625,19AUG25,,113.0,P,,,,20.0,,,,,,,,,,XCME.GY3.19AUG25.113.P,No valid price available
2025-08-20 03:04:31,111.65625,19AUG25,,113.25,P,,,,20.0,,,,,,,,,,XCME.GY3.19AUG25.113:25.P,No valid price available
2025-08-20 03:04:31,111.65625,19AUG25,,113.5,P,,,,20.0,,,,,,,,,,XCME.GY3.19AUG25.113:5.P,No valid price available
2025-08-20 03:04:31,111.65625,19AUG25,,113.75,P,,,,20.0,,,,,,,,,,XCME.GY3.19AUG25.113:75.P,No valid price available
2025-08-20 03:04:31,111.65625,19AUG25,,114.0,P,,,,50.0,,,,,,,,,,XCME.GY3.19AUG25.114.P,No valid price available
2025-08-20 03:04:31,111.65625,20AUG25,0.001984126984126984,111.5,C,0.1875,0.203125,0.190880064840226,5.206153638177305,0.7497745018565327,47.982569020810665,1.3709697435452444,8.763843062785579,2174.969142634375,0.5700482135248128,-73.72780333050521,0.014161664917041827,0.9062899080310087,XCME.WY3.20AUG25.111:5.C,
2025-08-20 03:04:31,111.65625,20AUG25,0.001984126984126984,111.75,C,0.046875,0.0625,0.0406521139152858,4.435270585503523,0.31755993379225345,20.32256552296905,1.8042954605178472,8.723222157801507,-3357.9109093911616,-0.8800911597097055,-70.42346029596058,0.015878052745222897,1.0161318634832843,XCME.WY3.20AUG25.111:75.C,
2025-08-20 03:04:31,111.65625,20AUG25,0.001984126984126984,112.0,C,0.007,0.015625,0.0041505994774837,4.64410144784459,0.04828506706436814,3.090051151851303,0.4848600410939106,2.188535769407724,6859.90256610428,1.7979451414310925,-20.748621758754293,0.004467736545329797,0.28591726795492567,XCME.WY3.20AUG25.112.C,
2025-08-20 03:04:31,111.65625,20AUG25,0.001984126984126984,112.25,C,,0.007,0.0005583423190387,,,,,,,,,,,XCME.WY3.20AUG25.112:25.C,Market price 0.000558 below minimum safeguard 0.001953
2025-08-20 03:04:31,111.65625,20AUG25,0.001984126984126984,112.5,C,,0.007,0.0001796064559016,,,,,,,,,,,XCME.WY3.20AUG25.112:5.C,Market price 0.000180 below minimum safeguard 0.001953
2025-08-20 03:04:31,111.65625,20AUG25,0.001984126984126984,112.75,C,,0.007,9.57419416209859e-05,,,,,,,,,,,XCME.WY3.20AUG25.112:75.C,Market price 0.000096 below minimum safeguard 0.001953
2025-08-20 03:04:31,111.65625,20AUG25,0.001984126984126984,113.0,C,,0.007,5.80867286714692e-06,,,,,,,,,,,XCME.WY3.20AUG25.113.C,Market price 0.000006 below minimum safeguard 0.001953
2025-08-20 03:04:31,111.65625,20AUG25,0.001984126984126984,113.25,C,,0.007,2.23572016011531e-07,,,,,,,,,,,XCME.WY3.20AUG25.113:25.C,Market price 0.000000 below minimum safeguard 0.001953
2025-08-20 03:04:31,111.65625,20AUG25,0.001984126984126984,113.5,C,,0.007,5.423643756330421e-09,,,,,,,,,,,XCME.WY3.20AUG25.113:5.C,Market price 0.000000 below minimum safeguard 0.001953
2025-08-20 03:04:31,111.65625,20AUG25,0.001984126984126984,113.75,C,,0.007,8.26076984594692e-11,,,,,,,,,,,XCME.WY3.20AUG25.113:75.C,Market price 0.000000 below minimum safeguard 0.001953
2025-08-20 03:04:31,111.65625,20AUG25,0.001984126984126984,114.0,C,,0.007,7.8159700933611e-13,,,,,,,,,,,XCME.WY3.20AUG25.114.C,Market price 0.000000 below minimum safeguard 0.001953
2025-08-20 03:04:31,111.65625,20AUG25,0.001984126984126984,110.0,P,,0.007,1.23634436022257e-12,,,,,,,,,,,XCME.WY3.20AUG25.110.P,Market price 0.000000 below minimum safeguard 0.001953
2025-08-20 03:04:31,111.65625,20AUG25,0.001984126984126984,110.25,P,,0.007,6.315019618341471e-10,,,,,,,,,,,XCME.WY3.20AUG25.110:25.P,Market price 0.000000 below minimum safeguard 0.001953
2025-08-20 03:04:31,111.65625,20AUG25,0.001984126984126984,110.5,P,,0.007,1.28071093286053e-07,,,,,,,,,,,XCME.WY3.20AUG25.110:5.P,Market price 0.000000 below minimum safeguard 0.001953
2025-08-20 03:04:31,111.65625,20AUG25,0.001984126984126984,110.75,P,,0.007,1.05203997833314e-05,,,,,,,,,,,XCME.WY3.20AUG25.110:75.P,Market price 0.000011 below minimum safeguard 0.001953
2025-08-20 03:04:31,111.65625,20AUG25,0.001984126984126984,111.0,P,,0.007,0.0003617381440506,,,,,,,,,,,XCME.WY3.20AUG25.111.P,Market price 0.000362 below minimum safeguard 0.001953
2025-08-20 03:04:31,111.65625,20AUG25,0.001984126984126984,111.25,P,,0.007,0.0021969668988219,4.741947403471823,-0.027219836595841707,-1.7419606627874857,0.29710154717311754,5.302452512280027,-7302.052505161009,-1.9138303638596315,-13.25524752779635,0.0027953172821131465,0.17888912478611294,XCME.WY3.20AUG25.111:25.P,
2025-08-20 03:04:31,111.65625,20AUG25,0.001984126984126984,111.5,P,0.015625,0.03125,0.0190899124228849,4.035193719278416,-0.19234086065900502,-12.309045718733685,1.5211276165065863,9.621928309441547,1797.3574122063067,0.4710781232752521,-49.14325205578795,0.012178659929262547,0.7793855208330859,XCME.WY3.20AUG25.111:5.P,
2025-08-20 03:04:31,111.65625,20AUG25,0.001984126984126984,111.75,P,0.125,0.15625,0.118752373466762,3.416282905720639,-0.7310770826799498,-46.786008983186065,2.1684726397708447,10.01042996194959,-5446.996196989234,-1.4276296570392948,-50.214722403166505,0.014698642878515964,0.9406543496535076,XCME.WY3.20AUG25.111:75.P,
2025-08-20 03:04:31,111.65625,21AUG25,0.005952380952380952,110.0,C,1.65625,1.6875,1.671875,12.31456100705597,0.9593556965719813,61.39492715782051,0.09188544237896656,4.405609653710237,-343.7558157408563,-0.09009662933171159,-27.64738392038659,0.006735290987119701,0.4310316820117124,XCME.HY3.21AUG25.110.C,
2025-08-20 03:04:31,111.65625,21AUG25,0.005952380952380952,110.25,C,1.40625,1.4375,1.421875,10.789726493778936,0.9544190077564134,61.07899882037943,0.11504660807923751,4.479731837246903,-432.78496600432504,-0.11343071121107644,-26.57444201746444,0.007388818066737802,0.4728548009989524,XCME.HY3.21AUG25.110:25.C,
2025-08-20 03:04:31,111.65625,21AUG25,0.005952380952380952,110.5,C,1.15625,1.1875,1.171875,9.227213343177796,0.9478319657356715,60.65745447922003,0.14985245678532072,4.594613197022259,-560.0059066246508,-0.14677466469619233,-25.314797354106602,0.008230479694985032,0.526717778560262,XCME.HY3.21AUG25.110:5.C,
2025-08-20 03:04:31,111.65625,21AUG25,0.005952380952380952,110.75,C,0.90625,0.9375,0.922149728919362,7.645141697988529,0.9377854059251727,60.01451483758734,0.20776262122876482,4.789588030300879,-736.3845138675259,-0.19300258949378915,-24.093947399254834,0.009454611183568017,0.6050572973036188,XCME.HY3.21AUG25.110:75.C,
2025-08-20 03:04:31,111.65625,21AUG25,0.005952380952380952,111.0,C,0.65625,0.6875,0.675352796940869,6.237270687810679,0.9136742005909475,58.47149414101827,0.327134736863295,5.1772080369229165,-797.0714714192267,-0.20890832859531105,-25.251391197833215,0.012145404197631484,0.7772572870316244,XCME.HY3.21AUG25.111.C,
2025-08-20 03:04:31,111.65625,21AUG25,0.005952380952380952,111.25,C,0.421875,0.453125,0.438493149923859,5.178995320430266,0.8453573048446696,54.099486080839476,0.5954546216538708,5.989177947402854,-51.09888433231945,-0.013392754479021348,-31.689046455122266,0.018356289875440305,1.1747291268686777,XCME.HY3.21AUG25.111:25.C,
2025-08-20 03:04:31,111.65625,21AUG25,0.005952380952380952,111.5,C,0.234375,0.25,0.236009715170596,4.699899178196236,0.6667329325720823,42.66824075288298,1.0026644199950585,6.906678432962098,970.2894421129239,0.2543078668272586,-43.94425951942512,0.0280501290686987,1.795096059880442,XCME.HY3.21AUG25.111:5.C,
2025-08-20 03:04:31,111.65625,21AUG25,0.005952380952380952,111.75,C,0.109375,0.125,0.103942756745226,4.745273217870161,0.39894702894220907,25.53101406418561,1.0545431274857042,5.994446262530139,-689.2353325649789,-0.18064503184213437,-47.11468098551049,0.029786281309208042,1.9062028586640778,XCME.HY3.21AUG25.111:75.C,
2025-08-20 03:04:31,111.65625,21AUG25,0.005952380952380952,112.0,C,0.03125,0.0625,0.0404670660272757,5.052416808130732,0.18892706602752268,12.090576517497341,0.6937392219098867,3.6346943468767003,-348.93492444229696,-0.09145404705550104,-35.13694954016152,0.020863450626410995,1.3351773862877978,XCME.HY3.21AUG25.112.C,
2025-08-20 03:04:31,111.65625,21AUG25,0.005952380952380952,112.25,C,0.015625,0.03125,0.0154707321179188,5.490093399335213,0.08049111684242022,5.151109513447524,0.35261115124526554,1.7821774349711133,1126.0705700993865,0.2951372983666887,-21.08749399636653,0.011523024726092993,0.7374274903710472,XCME.HY3.21AUG25.112:25.C,
2025-08-20 03:04:31,111.65625,20AUG25,0.001984126984126984,112.0,P,0.328125,0.359375,0.331567798717479,,,,,,,,,,,XCME.WY3.20AUG25.112.P,Failed to converge: final error 0.012182201 > tolerance 0.000001000
2025-08-20 03:04:31,111.65625,20AUG25,0.001984126984126984,112.25,P,0.578125,0.59375,0.578125,,,,,,,,,,,XCME.WY3.20AUG25.112:25.P,Failed to converge: final error 0.015625000 > tolerance 0.000001000
2025-08-20 03:04:31,111.65625,20AUG25,0.001984126984126984,112.5,P,0.828125,0.84375,0.828125,,,,,,,,,,,XCME.WY3.20AUG25.112:5.P,Failed to converge: final error 0.015625000 > tolerance 0.000001000
2025-08-20 03:04:31,111.65625,20AUG25,0.001984126984126984,112.75,P,1.078125,1.09375,1.078125,,,,,,,,,,,XCME.WY3.20AUG25.112:75.P,Failed to converge: final error 0.015625000 > tolerance 0.000001000
2025-08-20 03:04:31,111.65625,20AUG25,0.001984126984126984,113.0,P,1.328125,1.34375,1.328125,,,,,,,,,,,XCME.WY3.20AUG25.113.P,Failed to converge: final error 0.015625000 > tolerance 0.000001000
2025-08-20 03:04:31,111.65625,20AUG25,0.001984126984126984,113.25,P,1.578125,1.59375,1.578125,,,,,,,,,,,XCME.WY3.20AUG25.113:25.P,Failed to converge: final error 0.015625000 > tolerance 0.000001000
2025-08-20 03:04:31,111.65625,20AUG25,0.001984126984126984,113.5,P,1.828125,1.84375,1.828125,,,,,,,,,,,XCME.WY3.20AUG25.113:5.P,Failed to converge: final error 0.015625000 > tolerance 0.000001000
2025-08-20 03:04:31,111.65625,20AUG25,0.001984126984126984,113.75,P,2.078125,2.09375,2.078125,,,,,,,,,,,XCME.WY3.20AUG25.113:75.P,Failed to converge: final error 0.015625000 > tolerance 0.000001000
2025-08-20 03:04:31,111.65625,20AUG25,0.001984126984126984,114.0,P,2.328125,2.34375,2.328125,,,,,,,,,,,XCME.WY3.20AUG25.114.P,Failed to converge: final error 0.015625000 > tolerance 0.000001000
2025-08-20 03:04:31,111.65625,21AUG25,0.005952380952380952,112.5,C,0.007,0.015625,0.0064575399006088,6.036864608988947,0.03502572859893301,2.241506527417317,0.16600317151126082,0.8269720596578798,1473.3191978504467,0.38614937574203695,-12.003522771268738,0.0059651111373586465,0.38174325234640394,XCME.HY3.21AUG25.112:5.C,
2025-08-20 03:04:31,111.65625,21AUG25,0.005952380952380952,112.75,C,0.007,0.015625,0.0034021649568387,6.760645172581016,0.01799975133448829,1.1519120864019126,0.08486962959420877,0.4231815065302917,1159.0850527559937,0.3037902242817892,-7.69658475360104,0.003415318164373967,0.2185667012472764,XCME.HY3.21AUG25.112:75.C,
2025-08-20 03:04:31,111.65625,21AUG25,0.005952380952380952,113.0,C,,0.015625,0.0023755347622227,7.677146611942895,0.01164388980630858,0.7451623720445238,0.05137213131239099,0.25929828533277166,815.9814303899527,0.21386453147551993,-6.00754062763517,0.0023475677610310004,0.1502349464349399,XCME.HY3.21AUG25.113.C,
2025-08-20 03:04:31,111.65625,21AUG25,0.005952380952380952,113.25,C,,0.015625,0.0006457063581706,,,,,,,,,,,XCME.HY3.21AUG25.113:25.C,Market price 0.000646 below minimum safeguard 0.001953
2025-08-20 03:04:31,111.65625,21AUG25,0.005952380952380952,113.5,C,,0.015625,0.0001508238651126,,,,,,,,,,,XCME.HY3.21AUG25.113:5.C,Market price 0.000151 below minimum safeguard 0.001953
2025-08-20 03:04:31,111.65625,21AUG25,0.005952380952380952,113.75,C,,0.007,3.01930978992004e-05,,,,,,,,,,,XCME.HY3.21AUG25.113:75.C,Market price 0.000030 below minimum safeguard 0.001953
2025-08-20 03:04:31,111.65625,21AUG25,0.005952380952380952,114.0,C,,0.007,5.17039582348389e-06,,,,,,,,,,,XCME.HY3.21AUG25.114.C,Market price 0.000005 below minimum safeguard 0.001953
2025-08-20 03:04:31,111.65625,21AUG25,0.005952380952380952,110.0,P,,0.007,2.33336615877988e-05,,,,,,,,,,,XCME.HY3.21AUG25.110.P,Market price 0.000023 below minimum safeguard 0.001953
2025-08-20 03:04:31,111.65625,21AUG25,0.005952380952380952,110.25,P,,0.007,0.0001749312382912,,,,,,,,,,,XCME.HY3.21AUG25.110:25.P,Market price 0.000175 below minimum safeguard 0.001953
2025-08-20 03:04:31,111.65625,21AUG25,0.005952380952380952,110.5,P,,0.007,0.0010174177322142,,,,,,,,,,,XCME.HY3.21AUG25.110:5.P,Market price 0.001017 below minimum safeguard 0.001953
2025-08-20 03:04:31,111.65625,21AUG25,0.005952380952380952,110.75,P,,0.007,0.0046354071062069,6.051474247258193,-0.02612481951895107,-1.6718839499347926,0.12988092513649438,4.622201530423911,-1494.5427108937604,-0.39171194923234753,-9.437070856002878,0.004678399248056935,0.2993988382786516,XCME.HY3.21AUG25.110:75.P,
2025-08-20 03:04:31,111.65625,21AUG25,0.005952380952380952,111.0,P,0.007,0.015625,0.0057004606481996,4.804802982488351,-0.03833807884292517,-2.4534836936318394,0.2245707499336173,4.958706883956976,-2288.6097009561263,-0.5998328187338838,-10.286646644948496,0.00642272743488506,0.41102886492290425,XCME.HY3.21AUG25.111.P,
2025-08-20 03:04:31,111.65625,21AUG25,0.005952380952380952,111.25,P,0.015625,0.03125,0.017094011817008,4.258455465078302,-0.10813543922178392,-6.920235568437284,0.5653357490904241,6.061156940684722,-1125.4216063538538,-0.29496720831045226,-20.34136684201662,0.014330101847132452,0.9170691978090884,XCME.HY3.21AUG25.111:25.P,
2025-08-20 03:04:31,111.65625,21AUG25,0.005952380952380952,111.5,P,0.0625,0.09375,0.064210145004111,4.138547181064211,-0.31229410729162876,-19.985573690235075,1.1084503862489494,7.428010022588302,1292.0084090448443,0.3386287515522974,-37.66877907201702,0.02730579893666741,1.7474619087509675,XCME.HY3.21AUG25.111:5.P,
2025-08-20 03:04:31,111.65625,21AUG25,0.005952380952380952,111.75,P,0.1875,0.203125,0.182037766829687,4.217537166196892,-0.6133709313307097,-39.2532861214401,1.1761974866665466,6.440944799503179,-955.0085143478675,-0.25030281434043516,-41.51141595570309,0.029527717945259126,1.889655837624803,XCME.HY3.21AUG25.111:75.P,
2025-08-20 03:04:31,111.65625,21AUG25,0.005952380952380952,112.0,P,0.375,0.390625,0.368391140127198,4.235762729417857,-0.8535724317512192,-54.625221342351026,0.702054309007638,3.490250795766822,240.54786514961083,0.06304635689205938,-24.992138684333767,0.017700806405486668,1.1327808067255247,XCME.HY3.21AUG25.112.P,
2025-08-20 03:04:31,111.65625,21AUG25,0.005952380952380952,112.25,P,0.59375,0.625,0.592734001059112,,,,,,,,,,,XCME.HY3.21AUG25.112:25.P,Failed to converge: final error 0.001015999 > tolerance 0.000001000
2025-08-20 03:04:31,111.65625,21AUG25,0.005952380952380952,112.5,P,0.828125,0.859375,0.831668217821971,,,,,,,,,,,XCME.HY3.21AUG25.112:5.P,Failed to converge: final error 0.012081782 > tolerance 0.000001000
2025-08-20 03:04:31,111.65625,21AUG25,0.005952380952380952,112.75,P,1.078125,1.109375,1.078125,,,,,,,,,,,XCME.HY3.21AUG25.112:75.P,Failed to converge: final error 0.015625000 > tolerance 0.000001000
2025-08-20 03:04:31,111.65625,SEP25,0.010333996031746031,110.0,C,1.65625,1.6875,1.671875,9.346125147797617,0.9593551907177704,61.39489478517443,0.0918860651140975,4.405610079526817,-343.75245421207086,-0.0900957482923252,-15.925104894883795,0.008874615304839458,0.5679398810485059,XCME.OZN.SEP25.110.C,
2025-08-20 03:04:31,111.65625,SEP25,0.010333996031746031,110.25,C,1.40625,1.4375,1.421875,8.188864242584346,0.9544182547371776,61.078950630160406,0.11504760071021636,4.47973273987439,-432.7784693145749,-0.11342900846214392,-15.307151203591475,0.009735752565321052,0.623049221170286,XCME.OZN.SEP25.110:25.C,
2025-08-20 03:04:31,111.65625,SEP25,0.010333996031746031,110.5,C,1.15625,1.1875,1.17326820674645,7.128497328137655,0.9447091229633949,60.45760503316542,0.15415068903872656,4.599100616062506,-524.6997354984522,-0.13752109903295104,-15.542143561849423,0.011355643555695849,0.7267157649903115,XCME.OZN.SEP25.110:5.C,
2025-08-20 03:04:31,111.65625,SEP25,0.010333996031746031,110.75,C,0.921875,0.9375,0.931472060806119,6.463965550870281,0.9160773782559481,58.625287898867654,0.23455495091866538,4.808141979255844,-444.09228204924966,-0.11639430052589426,-19.445187463834785,0.015667941019677768,1.0026855534952983,XCME.OZN.SEP25.110:75.C,
2025-08-20 03:04:31,111.65625,SEP25,0.010333996031746031,111.0,C,0.6875,0.703125,0.69712812210345,5.8660523655582235,0.8644423875934284,55.320855036429045,0.36512695030467496,5.126031077183823,-142.24351762779818,-0.03728129356860606,-24.9290210558287,0.022133908778946405,1.416481626217454,XCME.OZN.SEP25.111.C,
2025-08-20 03:04:31,111.65625,SEP25,0.010333996031746031,111.25,C,0.46875,0.5,0.482060018351074,5.482720351901195,0.7669661099599006,49.08276317299379,0.5487987272515482,5.4688562724863505,336.4002423472627,0.08816877141856898,-32.73216632020474,0.031094063493510352,1.9898956873306883,XCME.OZN.SEP25.111:25.C,
2025-08-20 03:04:31,111.65625,SEP25,0.010333996031746031,111.5,C,0.296875,0.3125,0.303682553167079,5.342166641699387,0.6132190541137941,39.24356658706636,0.7048270542963322,5.462130781501144,342.50894593664253,0.08976983117607008,-39.91047454024122,0.03891063222953833,2.4901248201615354,XCME.OZN.SEP25.111:5.C,
2025-08-20 03:04:31,111.65625,SEP25,0.010333996031746031,111.75,C,0.171875,0.1875,0.175241459314975,5.398354032877496,0.43217692139212716,27.657594261410566,0.7164357263136414,4.749297001198707,-216.51810530774713,-0.05674828056501173,-41.42565880962163,0.03996749119018886,2.557759566207326,XCME.OZN.SEP25.111:75.C,
2025-08-20 03:04:31,111.65625,SEP25,0.010333996031746031,112.0,C,0.09375,0.109375,0.0951668097893474,5.592436242395496,0.27270418640008665,17.451977112859943,0.5844996149591293,3.5391687513020917,-394.3797750763591,-0.10336490841442195,-36.270686536564156,0.0337795267936413,2.161754596685869,XCME.OZN.SEP25.112.C,
2025-08-20 03:04:31,111.65625,SEP25,0.010333996031746031,112.25,C,0.046875,0.0625,0.050877620613818,5.897781082603986,0.1610059258166321,10.303735228561187,0.40749142785145365,2.3451011478182116,-12.952003545091802,-0.0033946534402340225,-28.123232480117814,0.024835643416494916,1.5893818360820084,XCME.OZN.SEP25.112:25.C,
2025-08-20 03:04:31,111.65625,SEP25,0.010333996031746031,112.5,C,0.015625,0.046875,0.0278794495390429,6.287525113890182,0.09340432897117845,5.9775034368395366,0.2611521290392391,1.4618435965120384,400.53409209042496,0.10497792321567301,-20.484364722506264,0.016968427373265732,1.0859114781795138,XCME.OZN.SEP25.112:5.C,
2025-08-20 03:04:31,111.65625,SEP25,0.010333996031746031,112.75,C,0.015625,0.03125,0.0162677099680195,6.758058340347768,0.05568456039537508,3.563589127062423,0.1635137064024421,0.9035435786835192,581.5395689664441,0.152418526720698,-14.81724628739151,0.011419429033964755,0.7307977804576085,XCME.OZN.SEP25.112:75.C,
2025-08-20 03:04:31,111.65625,SEP25,0.010333996031746031,113.0,C,0.015625,0.03125,0.010219306566853,7.288429412351498,0.0348668109720092,2.2313364349647005,0.1039642513698952,0.572224951660256,582.5927908300706,0.1526945707481909,-10.957750263553393,0.007830441928195998,0.5011169616368311,XCME.OZN.SEP25.113.C,
2025-08-20 03:04:31,111.65625,SEP25,0.010333996031746031,113.25,C,0.007,0.015625,0.0070343168716533,7.887219897660973,0.023419586634144743,1.498759866238727,0.06900320907780813,0.3809640797071135,504.85365468664503,0.1323195434382188,-8.51700006616114,0.0056242100002491975,0.3599269431759476,XCME.OZN.SEP25.113:25.C,
2025-08-20 03:04:31,111.65625,21AUG25,0.005952380952380952,113.0,P,1.328125,1.359375,1.328125,,,,,,,,,,,XCME.HY3.21AUG25.113.P,Failed to converge: final error 0.015625000 > tolerance 0.000001000
2025-08-20 03:04:31,111.65625,21AUG25,0.005952380952380952,113.25,P,1.578125,1.609375,1.578125,,,,,,,,,,,XCME.HY3.21AUG25.113:25.P,Failed to converge: final error 0.015625000 > tolerance 0.000001000
2025-08-20 03:04:31,111.65625,21AUG25,0.005952380952380952,113.5,P,1.828125,1.859375,1.828125,,,,,,,,,,,XCME.HY3.21AUG25.113:5.P,Failed to converge: final error 0.015625000 > tolerance 0.000001000
2025-08-20 03:04:31,111.65625,21AUG25,0.005952380952380952,113.75,P,2.078125,2.109375,2.078125,,,,,,,,,,,XCME.HY3.21AUG25.113:75.P,Failed to converge: final error 0.015625000 > tolerance 0.000001000
2025-08-20 03:04:31,111.65625,21AUG25,0.005952380952380952,114.0,P,2.328125,2.34375,2.328125,,,,,,,,,,,XCME.HY3.21AUG25.114.P,Failed to converge: final error 0.015625000 > tolerance 0.000001000
2025-08-20 03:04:31,111.65625,SEP25,0.010333996031746031,113.5,C,0.007,0.015625,0.0053164782120376,8.553922744065488,0.016989296522968704,1.087247020283905,0.048457856387082304,0.2698136155108132,413.0584282233778,0.10826048722921415,-7.035003359216023,0.004283490543720359,0.27412626083592806,XCME.OZN.SEP25.113:5.C,
2025-08-20 03:04:31,111.65625,SEP25,0.010333996031746031,113.75,C,0.007,0.015625,0.0044227477718408,9.297675694073183,0.01337258507969244,0.8557919547599974,0.03629271853497785,0.2048012511627711,332.34672026933663,0.08710636415323814,-6.224977008085774,0.003487082198521799,0.22315931237660105,XCME.OZN.SEP25.113:75.C,
2025-08-20 03:04:31,111.65625,SEP25,0.010333996031746031,114.0,C,0.007,0.015625,0.0039809761446321,10.109063381950028,0.011283404570048455,0.7220927588648209,0.02881135249343449,0.16538684805581616,268.654377061794,0.07041292894583462,-5.841911162821486,0.0030098361623323217,0.19261747504461924,XCME.OZN.SEP25.114.C,
2025-08-20 03:04:31,111.65625,SEP25,0.010333996031746031,110.0,P,,0.007,0.0052169188318202,7.784082430185271,-0.0181713312345001,-1.1628925136830683,0.05639706949976306,4.354653931088897,-504.3574945238325,-0.13218950241423863,-6.780174227569478,0.004536618448236723,0.29032543421335727,XCME.OZN.SEP25.110.P,
2025-08-20 03:04:31,111.65625,SEP25,0.010333996031746031,110.25,P,,0.007,0.0051231502355619,6.7549509078535275,-0.020285489331980266,-1.2981901752894092,0.0713627914841832,4.407066402117462,-679.7285799084823,-0.17815336092045217,-6.4607909312921885,0.004981525037468181,0.3187976762978137,XCME.OZN.SEP25.110:25.P,
2025-08-20 03:04:31,111.65625,SEP25,0.010333996031746031,110.5,P,0.007,0.015625,0.0067936081104278,5.996336433934511,-0.028924266912751517,-1.851037385348446,0.10829052327409139,4.522020619281854,-875.475349442357,-0.22945758132924565,-7.725594320390082,0.006710343225804064,0.42943512507855686,XCME.OZN.SEP25.110:5.P,
2025-08-20 03:04:31,111.65625,SEP25,0.010333996031746031,110.75,P,0.007,0.015625,0.012056674622599,5.471213705354087,-0.051613198697142426,-3.3030382638223266,0.19018304871883884,4.76211696234635,-922.0947369366183,-0.24167628275161895,-11.295582343303103,0.010752854619963666,0.6881396842591948,XCME.OZN.SEP25.110:75.P,
2025-08-20 03:04:31,111.65625,SEP25,0.010333996031746031,111.0,P,0.015625,0.03125,0.0261328428876197,5.141482504321466,-0.10463287438558799,-6.696085429180089,0.3470205666263321,5.181760499504202,-480.5934532808082,-0.12596106956378084,-18.201257873577738,0.01843791749676164,1.1799529681227579,XCME.OZN.SEP25.111.P,
2025-08-20 03:04:31,111.65625,SEP25,0.010333996031746031,111.25,P,0.0625,0.078125,0.0604798727255087,4.976253429406541,-0.21096535526388682,-13.5009388754677,0.5712528382997141,5.65350466125414,322.00367106180374,0.0843955042115601,-28.06744073062387,0.029376439107066703,1.8799745970958406,XCME.OZN.SEP25.111:25.P,
2025-08-20 03:04:31,111.65625,SEP25,0.010333996031746031,111.5,P,0.125,0.15625,0.131896225990019,4.941543159435845,-0.37788318879295446,-24.18301254999391,0.7566665664184844,5.711809461944362,423.19403354959326,0.11091697719771251,-36.66056840236239,0.03863984968030685,2.472795820140917,XCME.OZN.SEP25.111:5.P,
2025-08-20 03:04:31,111.65625,SEP25,0.010333996031746031,111.75,P,0.25,0.28125,0.253327867284028,5.006004683284981,-0.5730810791919513,-36.67489674396811,0.7707526603122338,4.949667751002677,-269.55061125704424,-0.07064782731376432,-38.323661814279156,0.039872601697374166,2.551687018225157,XCME.OZN.SEP25.111:75.P,
2025-08-20 03:04:31,111.65625,SEP25,0.010333996031746031,112.0,P,0.421875,0.453125,0.423099132199958,5.1161325511378175,-0.745676915748831,-47.72033990026218,0.6165568068795404,3.593257967613293,-441.25240883585275,-0.11564998437896581,-32.02035452485872,0.03259741601628082,2.0861042353779076,XCME.OZN.SEP25.112.P,
2025-08-20 03:04:31,111.65625,SEP25,0.010333996031746031,112.25,P,0.625,0.65625,0.628510014285297,5.205628911391069,-0.8690706555317489,-55.6170456714098,0.4017308917292377,2.195187299500741,220.5274058322171,0.057799097588875324,-21.599868333376364,0.02161109263667911,1.3830234843769162,XCME.OZN.SEP25.112:25.P,
2025-08-20 03:04:31,111.65625,SEP25,0.010333996031746031,112.5,P,0.859375,0.875,0.854816214651347,5.079048889654942,-0.9488884255332481,-60.72506368042575,0.20328216004960284,1.0472082631101,1074.8045911528573,0.2817007492496411,-10.404794734799555,0.010669644525504684,0.6828145710541977,XCME.OZN.SEP25.112:5.P,
2025-08-20 03:04:31,111.65625,SEP25,0.010333996031746031,112.75,P,1.09375,1.109375,1.09176677595645,,,,,,,,,,,XCME.OZN.SEP25.112:75.P,Failed to converge: final error 0.001983224 > tolerance 0.000001000
2025-08-20 03:04:31,111.65625,SEP25,0.010333996031746031,113.0,P,1.34375,1.359375,1.3332392581937,,,,,,,,,,,XCME.OZN.SEP25.113.P,Failed to converge: final error 0.010510742 > tolerance 0.000001000
2025-08-20 03:04:31,111.65625,SEP25,0.010333996031746031,113.25,P,1.578125,1.609375,1.578125,,,,,,,,,,,XCME.OZN.SEP25.113:25.P,Failed to converge: final error 0.015625000 > tolerance 0.000001000
2025-08-20 03:04:31,111.65625,SEP25,0.010333996031746031,113.5,P,1.828125,1.859375,1.828125,,,,,,,,,,,XCME.OZN.SEP25.113:5.P,Failed to converge: final error 0.015625000 > tolerance 0.000001000
2025-08-20 03:04:31,111.65625,SEP25,0.010333996031746031,113.75,P,2.078125,2.109375,2.078125,,,,,,,,,,,XCME.OZN.SEP25.113:75.P,Failed to converge: final error 0.015625000 > tolerance 0.000001000
2025-08-20 03:04:31,111.65625,25AUG25,0.01388613492063492,110.0,C,1.65625,1.6875,1.671875,8.062646758132313,0.959354284569246,61.394836795293465,0.09188718061873241,4.405610842238879,-343.7464326802992,-0.09009417007985228,-11.85167286746233,0.010287596919291337,0.6583650524469684,XCME.VY4.25AUG25.110.C,
2025-08-20 03:04:31,111.65625,25AUG25,0.01388613492063492,110.25,C,1.421875,1.453125,1.421875,7.064314786264356,0.9544171680832365,61.0788810886548,0.11504903311384185,4.47973404231972,-432.76909430567827,-0.11342655132058335,-11.391804496215377,0.011285853201769171,0.7222494615004198,XCME.VY4.25AUG25.110:25.C,
2025-08-20 03:04:31,111.65625,25AUG25,0.01388613492063492,110.5,C,1.171875,1.203125,1.18025274893481,6.632500858872227,0.9304824274416218,59.547153426554026,0.1708804662974287,4.607865097144423,-384.4553259898555,-0.10076376140912377,-14.914768395399127,0.015738057075353324,1.0071727005943112,XCME.VY4.25AUG25.110:5.C,
2025-08-20 03:04:31,111.65625,25AUG25,0.01388613492063492,110.75,C,0.921875,0.953125,0.943595707863792,6.183458522771527,0.8932004018543931,57.16125291707374,0.2526335157559126,4.786099224006738,-235.8158364341377,-0.06180611653060933,-19.165640317783343,0.021692209921317908,1.3882146661246606,XCME.VY4.25AUG25.110:75.C,
2025-08-20 03:04:31,111.65625,25AUG25,0.01388613492063492,111.0,C,0.703125,0.734375,0.717138156732592,5.782897347601012,0.8322300528265323,53.259394460686764,0.36820689320771993,5.003353140412244,37.77772471002325,0.009901347131710139,-24.43162448417777,0.02956778410832298,1.8922199117962373,XCME.VY4.25AUG25.111.C,
2025-08-20 03:04:31,111.65625,25AUG25,0.01388613492063492,111.25,C,0.484375,0.515625,0.511138488849966,5.506679813838424,0.7343607415698152,46.9961500175019,0.5053818719041028,5.154100514480123,296.47937566012786,0.07770571780954176,-30.406663889349595,0.03864478233166668,2.4731114900973408,XCME.VY4.25AUG25.111:25.C,
2025-08-20 03:04:31,111.65625,25AUG25,0.01388613492063492,111.5,C,0.328125,0.34375,0.338394369577593,5.373565847954136,0.5974512564428688,38.23449060731783,0.6111320833530361,5.012179400625521,223.64842890781188,0.05861710166706541,-35.01303015291842,0.04560149068944062,2.9183129981614417,XCME.VY4.25AUG25.111:5.C,
2025-08-20 03:04:31,111.65625,25AUG25,0.01388613492063492,111.75,C,0.203125,0.21875,0.208872838043298,5.381461922890475,0.44123608388413554,28.237344424249137,0.6222619470345434,4.4016578992061675,-141.89451756134596,-0.03718982244816517,-35.75553252128342,0.04650020803927507,2.9758273136814473,XCME.VY4.25AUG25.111:75.C,
2025-08-20 03:04:31,111.65625,25AUG25,0.01388613492063492,112.0,C,0.109375,0.140625,0.122903394133104,5.5166257694426255,0.2984775701330026,19.10137057823163,0.5336158395765842,3.4390230706922895,-312.6864077130267,-0.08195349746176438,-32.22146063566761,0.040877433142450584,2.6159922113842673,XCME.VY4.25AUG25.112.C,
2025-08-20 03:04:31,111.65625,25AUG25,0.01388613492063492,112.25,C,0.0625,0.078125,0.0720803929231408,5.781845465278737,0.19175206915123294,12.271365417402302,0.4005371550226144,2.4457538087930297,-123.24158732577148,-0.03230098547601706,-26.56716616045942,0.032158121314925445,2.0579911316699686,XCME.VY4.25AUG25.112:25.C,
2025-08-20 03:04:31,111.65625,25AUG25,0.01388613492063492,112.5,C,0.03125,0.046875,0.0436984666910263,6.148669395197476,0.12210938570691204,7.814512247699542,0.27949249780099444,1.6575175952749095,159.94936055093183,0.041921903832647864,-20.965339674575517,0.023863419611593516,1.5271634014635387,XCME.VY4.25AUG25.112:5.C,
2025-08-20 03:04:31,111.65625,25AUG25,0.01388613492063492,112.75,C,0.015625,0.03125,0.0287908822317746,6.637935822221874,0.08101441336128096,5.184598397468536,0.19187682321901764,1.1260897661590172,327.62892010177467,0.08586985302093383,-16.77482821662038,0.017686298451659515,1.1318523557124023,XCME.VY4.25AUG25.112:75.C,
2025-08-20 03:04:31,111.65625,25AUG25,0.01388613492063492,113.0,C,0.015625,0.03125,0.0206602085406189,7.212983658321947,0.05694693961954353,3.6443763478923072,0.13451763405701062,0.7900925046232432,375.1345895698721,0.09832084438524745,-13.886045381470112,0.013473348678279177,0.8622404220151542,XCME.VY4.25AUG25.113.C,
2025-08-20 03:04:31,111.65625,25AUG25,0.01388613492063492,113.25,C,0.015625,0.03125,0.0163689921731702,7.88489111440535,0.04314739210871172,2.7612605053891155,0.09861427721189482,0.5850926373844063,353.5690393793504,0.0926686247197783,-12.164679193163321,0.01079734247970573,0.6909867293312478,XCME.VY4.25AUG25.113:25.C,
2025-08-20 03:04:31,111.65625,25AUG25,0.01388613492063492,113.5,C,0.007,0.03125,0.0139392839231931,8.618009653240035,0.03472094924677644,2.222001867996705,0.07558917578700954,0.4554025504114759,310.29094459409737,0.08132565891236028,-11.138918487506459,0.00904582052357945,0.5788963302269905,XCME.VY4.25AUG25.113:5.C,
2025-08-20 03:04:31,111.65625,25AUG25,0.01388613492063492,113.75,C,0.007,0.015625,0.0126553156868852,9.412153986816788,0.029529575950632405,1.8897747425366713,0.06054833156880806,0.37199918532150394,264.1919651402225,0.06924335375782871,-10.642647836721704,0.007913572490014596,0.506436985070974,XCME.VY4.25AUG25.113:75.C,
2025-08-20 03:04:31,111.65625,25AUG25,0.01388613492063492,114.0,C,0.007,0.015625,0.0119674743926481,10.243690140565766,0.026091580307709476,1.6697567733721754,0.05018135677727403,0.31510178260032595,223.5740925993688,0.05859761850337478,-10.44779708243222,0.007138060311402258,0.4568073076884989,XCME.VY4.25AUG25.114.C,
2025-08-20 03:04:31,111.65625,25AUG25,0.01388613492063492,110.0,P,,0.015625,0.0026433250506272,6.11294271048555,-0.010745571915267371,-0.6876736202894507,0.039392737180834574,4.316201080997422,-538.97015001906,-0.14126130120146452,-2.9206954456219445,0.00334385829577838,0.2139935554966332,XCME.VY4.25AUG25.110.P,
2025-08-20 03:04:31,111.65625,SEP25,0.010333996031746031,114.0,P,2.328125,2.359375,2.328125,,,,,,,,,,,XCME.OZN.SEP25.114.P,Failed to converge: final error 0.015625000 > tolerance 0.000001000
2025-08-20 03:04:31,111.65625,26AUG25,0.01785438888888889,110.0,C,1.671875,1.703125,1.67289169654628,7.195956000811904,0.9575125424435349,61.27697266621646,0.09411417460971605,4.4069961525126695,-331.6513542023124,-0.08692411228746094,-9.669443938107197,0.01209173239038167,0.7738225060548654,XCME.GY4.26AUG25.110.C,
2025-08-20 03:04:31,111.65625,26AUG25,0.01785438888888889,110.25,C,1.421875,1.453125,1.4283379112468,6.687367955264328,0.9422269847074595,60.29875811333858,0.12941315914069876,4.487363378144762,-336.5669823275323,-0.08821247310886547,-11.483078722950314,0.015451784720764779,0.9888524149900628,XCME.GY4.26AUG25.110:25.C,
2025-08-20 03:04:31,111.65625,26AUG25,0.01785438888888889,110.5,C,1.171875,1.203125,1.18640594361418,6.174496653095673,0.9194602654724969,58.84177914917791,0.18111114701002606,4.603471647128062,-296.5884047826906,-0.07773429378118235,-13.699911564316661,0.01996603051680178,1.2777460889532466,XCME.GY4.26AUG25.110:5.C,
2025-08-20 03:04:31,111.65625,25AUG25,0.01388613492063492,110.25,P,,0.015625,0.0069466854392885,6.113127969799354,-0.025461486919010845,-1.629433316869018,0.08238537385796266,4.4304700662691205,-627.5307333640177,-0.16447257410410496,-6.108668457906636,0.00699350652967438,0.4475564438730416,XCME.VY4.25AUG25.110:25.P,
2025-08-20 03:04:31,111.65625,25AUG25,0.01388613492063492,110.5,P,0.007,0.015625,0.0125127731147785,5.778516616706362,-0.04475129708600645,-2.8639040083160685,0.13858078713608224,4.5796005052024435,-650.8178670277756,-0.17057601193359986,-9.181322029577649,0.011119897162931653,0.7116289388389739,XCME.VY4.25AUG25.110:5.P,
2025-08-20 03:04:31,111.65625,25AUG25,0.01388613492063492,110.75,P,0.015625,0.03125,0.0236238962638708,5.486896886515386,-0.08051425775168553,-5.152590439076866,0.23104573399032996,4.80808515214824,-483.0939688518533,-0.12661644181997694,-13.80133237820748,0.017603788151275758,1.1265720265290435,XCME.VY4.25AUG25.110:75.P,
2025-08-20 03:04:31,111.65625,25AUG25,0.01388613492063492,111.0,P,0.03125,0.046875,0.0461132778835633,5.259845728546796,-0.14485005281243613,-9.269823979784661,0.3674693813113744,5.0965962255954365,-75.96273212884454,-0.019909440964326872,-20.17142754750628,0.026839569481082744,1.717625088511371,XCME.VY4.25AUG25.111.P,
2025-08-20 03:04:31,111.65625,25AUG25,0.01388613492063492,111.25,P,0.078125,0.09375,0.0896513083266797,5.106303446750799,-0.2497923126337528,-15.985708839309645,0.5278772980931138,5.312787435197046,322.3111735818603,0.08447609903875858,-27.30962192751208,0.03743009982279198,2.3953766682593955,XCME.VY4.25AUG25.111:25.P,
2025-08-20 03:04:31,111.65625,25AUG25,0.01388613492063492,111.5,P,0.15625,0.171875,0.166657787025201,5.0332594452202555,-0.3961061289425206,-25.34920782780555,0.6496807818536761,5.197114114748654,268.536322467797,0.07038198744460263,-32.656385795487196,0.04540782687488203,2.9059192886849505,XCME.VY4.25AUG25.111:5.P,
2025-08-20 03:04:31,111.65625,25AUG25,0.01388613492063492,111.75,P,0.28125,0.296875,0.286935917834818,5.043866652381954,-0.5626656045177323,-36.00834802671679,0.6629081520688271,4.551736853532111,-171.54360998605165,-0.04496069691163647,-33.461855236933886,0.0464299629120596,2.971331906520166,XCME.VY4.25AUG25.111:75.P,
2025-08-20 03:04:31,111.65625,25AUG25,0.01388613492063492,112.0,P,0.4375,0.46875,0.450748749245037,5.123364328547035,-0.7154484409021378,-45.7858384239732,0.5619118020620061,3.496419599604931,-358.13479817436865,-0.09386528659118899,-29.26497097752971,0.03997650058220154,2.5583361312585695,XCME.VY4.25AUG25.112.P,
2025-08-20 03:04:31,111.65625,25AUG25,0.01388613492063492,112.25,P,0.640625,0.671875,0.649606455309087,5.2580347832228655,-0.8310375680951639,-53.18308020781811,0.4068105376933136,2.3757298959057933,-51.41062096031585,-0.013474459044109733,-22.315599940504896,0.029702775270552463,1.9008588062142753,XCME.VY4.25AUG25.112:25.P,
2025-08-20 03:04:31,111.65625,25AUG25,0.01388613492063492,112.5,P,0.859375,0.890625,0.870647236306249,5.373703426988179,-0.9086430537052957,-58.1495208649241,0.2593105421269444,1.4457023921411216,423.09404259434973,0.11089077008318941,-14.857201895376264,0.01934974508440281,1.238306286421442,XCME.VY4.25AUG25.112:5.P,
2025-08-20 03:04:31,111.65625,25AUG25,0.01388613492063492,112.75,P,1.09375,1.125,1.10473149755941,5.387660132626163,-0.9575348953303495,-61.278403161561044,0.14247554028434542,0.7618603074201936,760.8294926532317,0.19940949256808535,-8.205596535010711,0.010659133086238637,0.6821418809869277,XCME.VY4.25AUG25.112:75.P,
2025-08-20 03:04:31,111.65625,25AUG25,0.01388613492063492,113.0,P,1.328125,1.359375,1.34505761073503,4.665272672186659,-0.9927428988360283,-63.53157455391047,0.0365928570511049,0.18034543241268225,809.335740931286,0.21212273048658034,-1.580228342541138,0.0023705806322494903,0.15170767814143837,XCME.VY4.25AUG25.113.P,
2025-08-20 03:04:31,111.65625,25AUG25,0.01388613492063492,113.25,P,1.578125,1.609375,1.58876473361164,,,,,,,,,,,XCME.VY4.25AUG25.113:25.P,Failed to converge: final error 0.004985266 > tolerance 0.000001000
2025-08-20 03:04:31,111.65625,25AUG25,0.01388613492063492,113.5,P,1.828125,1.859375,1.8339730271684,,,,,,,,,,,XCME.VY4.25AUG25.113:5.P,Failed to converge: final error 0.009776973 > tolerance 0.000001000
2025-08-20 03:04:31,111.65625,25AUG25,0.01388613492063492,113.75,P,2.078125,2.109375,2.08014492704124,,,,,,,,,,,XCME.VY4.25AUG25.113:75.P,Failed to converge: final error 0.013605073 > tolerance 0.000001000
2025-08-20 03:04:31,111.65625,25AUG25,0.01388613492063492,114.0,P,2.328125,2.359375,2.328125,,,,,,,,,,,XCME.VY4.25AUG25.114.P,Failed to converge: final error 0.015625000 > tolerance 0.000001000
2025-08-20 03:04:31,111.65625,26AUG25,0.01785438888888889,110.75,C,0.9375,0.96875,0.950387809986232,5.719488423356704,0.8821530715352383,56.45426796596911,0.2584254362077748,4.763421177466514,-162.86500615049627,-0.04268607953184425,-16.77332230381034,0.026389881085615054,1.6888468299550208,XCME.GY4.26AUG25.110:75.C,
2025-08-20 03:04:31,111.65625,26AUG25,0.01785438888888889,111.0,C,0.703125,0.734375,0.726115413341382,5.36166637226579,0.8201674160237589,52.48743395585647,0.3660477813638918,4.943847449158994,75.321861649352,0.019741472111447878,-20.87886161580844,0.0350414892754613,2.242515147672421,XCME.GY4.26AUG25.111.C,
2025-08-20 03:04:31,111.65625,26AUG25,0.01785438888888889,111.25,C,0.5,0.53125,0.523438650307863,5.134060344193355,0.7231377882620829,46.27792589762025,0.48800678531640357,5.035804651690763,273.5308543350113,0.0716910285305142,-25.522150303117233,0.044733390842042836,2.862758080327373,XCME.GY4.26AUG25.111:25.C,
2025-08-20 03:04:31,111.65625,26AUG25,0.01785438888888889,111.5,C,0.34375,0.375,0.354182834275747,5.043710573452681,0.591670723170081,37.864559599992496,0.5762558030966993,4.845065773047327,187.5836583050329,0.04916471098698652,-29.086073008023448,0.05189320080745735,3.3209572788740402,XCME.GY4.26AUG25.111:5.C,
2025-08-20 03:04:31,111.65625,26AUG25,0.01785438888888889,111.75,C,0.21875,0.25,0.22658573683443,5.081588561230546,0.4450925529033309,28.48414301560156,0.5819672216731878,4.252828504261346,-116.08250919171923,-0.030424627958660286,-29.817208734415352,0.05280110522348952,3.379059529882435,XCME.GY4.26AUG25.111:75.C,
2025-08-20 03:04:31,111.65625,26AUG25,0.01785438888888889,112.0,C,0.140625,0.15625,0.139287296462527,5.215259303551943,0.31090705883769404,19.896808137377068,0.5069020917681837,3.381821089240243,-271.50558555832873,-0.07116021601210894,-27.355544265398397,0.047200324004118506,3.020631934967568,XCME.GY4.26AUG25.112.C,
2025-08-20 03:04:31,111.65625,26AUG25,0.01785438888888889,112.25,C,0.078125,0.09375,0.0843051799694905,5.426620169700334,0.20643742566482537,13.211169492846164,0.3934679575876148,2.478480492772339,-146.4047489390049,-0.03837193086939266,-22.989931850939502,0.0381227117733708,2.4397010626486377,XCME.GY4.26AUG25.112:25.C,
2025-08-20 03:04:31,111.65625,26AUG25,0.01785438888888889,112.5,C,0.046875,0.0625,0.0518015369338656,5.71179128104515,0.13446586692630713,8.60527761981595,0.2837073229049522,1.7266765820991639,91.30925036079712,0.023931684374803235,-18.364735071256575,0.028932626781626957,1.8515723835169986,XCME.GY4.26AUG25.112:5.C,
2025-08-20 03:04:31,111.65625,26AUG25,0.01785438888888889,112.75,C,0.03125,0.046875,0.0332491878999974,6.068687422442705,0.08869898852024594,5.676380469341658,0.19810219904313003,1.1838609339094186,269.96642747080807,0.07075681060238403,-14.47599078847281,0.021464909189310072,1.3736683284790872,XCME.GY4.26AUG25.112:75.C,
2025-08-20 03:04:31,111.65625,26AUG25,0.01785438888888889,113.0,C,0.015625,0.03125,0.0224167314029415,6.4736173585614925,0.06015711668349619,3.849814839277022,0.13799561203607733,0.8178192654250239,350.2322958882651,0.09179408143141705,-11.474368463747131,0.01594987532183096,1.0207282210958941,XCME.GY4.26AUG25.113.C,
2025-08-20 03:04:31,111.65625,26AUG25,0.01785438888888889,113.25,C,0.015625,0.03125,0.016168179399429,6.937151120861187,0.042774518276482244,2.737398071621757,0.09815824904625063,0.5816589094016883,356.16551670770554,0.0933491480584652,-9.372567506971809,0.012157742705852499,0.7780469022037365,XCME.GY4.26AUG25.113:25.C,
2025-08-20 03:04:31,111.65625,26AUG25,0.01785438888888889,113.5,C,0.015625,0.03125,0.0123203446469944,7.436485492935966,0.03176217220462272,2.0326519724070353,0.07178851681827655,0.42741013357508145,327.4772336144152,0.08583009677361972,-7.876983112449401,0.009531641637278303,0.6099869382192622,XCME.GY4.26AUG25.113:5.C,
2025-08-20 03:04:31,111.65625,26AUG25,0.01785438888888889,113.75,C,0.007,0.03125,0.0099969098418881,7.9827002265133915,0.024827759176723068,1.5888772762735694,0.05447633164356678,0.3273837519441061,286.0210092737427,0.0749646338290464,-6.88774340836822,0.007764306403690953,0.4968845526106062,XCME.GY4.26AUG25.113:75.C,
2025-08-20 03:04:31,111.65625,26AUG25,0.01785438888888889,114.0,C,0.007,0.015625,0.0086088329220501,8.575725190655684,0.020410112840226667,1.3061655813231456,0.04298722391375004,0.26177613430882385,244.26638599712507,0.06402096205979652,-6.272643049509184,0.006581960098084047,0.4212191184369867,XCME.GY4.26AUG25.114.C,
2025-08-20 03:04:31,111.65625,26AUG25,0.01785438888888889,110.0,P,,0.015625,0.0099072550093524,6.554461045379761,-0.029304941818555585,-1.8753990566202832,0.07619367398002816,4.388969523042283,-423.8583246029794,-0.11109108446241817,-6.494748708891126,0.008916633002191561,0.5706288456082512,XCME.GY4.26AUG25.110.P,
2025-08-20 03:04:31,111.65625,26AUG25,0.01785438888888889,110.25,P,0.007,0.015625,0.0123966306879595,5.961080714106165,-0.03874080110109723,-2.4792563072658185,0.10540837076905464,4.468987354646139,-494.59941302914274,-0.1296319594981401,-7.431809501337973,0.011218766087531765,0.7179561545376827,XCME.GY4.26AUG25.110:25.P,
2025-08-20 03:04:31,111.65625,26AUG25,0.01785438888888889,110.5,P,0.007,0.03125,0.0179771704905818,5.486534175740786,-0.057377098222079814,-3.67190477782022,0.15688689658392682,4.601544592294169,-502.0569053820504,-0.13158652984574554,-9.370274493173874,0.015368438762378362,0.9835186070371656,XCME.GY4.26AUG25.110:5.P,
2025-08-20 03:04:31,111.65625,26AUG25,0.01785438888888889,110.75,P,0.015625,0.03125,0.0302704934620408,5.152360730703413,-0.09402937323742777,-6.017503769702428,0.24365041691888592,4.802943994987504,-341.3655452000239,-0.08947015173029049,-12.833619104591683,0.022413950597407355,1.434403182431681,XCME.GY4.26AUG25.110:75.P,
2025-08-20 03:04:31,111.65625,26AUG25,0.01785438888888889,111.0,P,0.046875,0.0625,0.0551019562572463,4.924487016935881,-0.15930388221393066,-10.194811246162706,0.36871464975690926,5.04099012410455,2.9880864770042854,0.000783162080180504,-17.74115337596277,0.03241875856586459,2.0746708731810704,XCME.GY4.26AUG25.111.P,
2025-08-20 03:04:31,111.65625,27AUG25,0.021822642857142856,110.0,C,1.671875,1.703125,1.67631291632982,6.751427166342773,0.9516075517363303,60.89907688091819,0.10074540561114947,4.409353318640108,-294.854100473264,-0.07727974155148977,-9.111416239007266,0.01484322196096877,0.9499068326141573,XCME.WY4.27AUG25.110.C,
2025-08-20 03:04:31,111.65625,27AUG25,0.021822642857142856,110.25,C,1.421875,1.453125,1.43304310971162,6.310405740834573,0.9342894789842668,59.79078949707714,0.13716730894460175,4.485782881703507,-283.1513611203293,-0.07421251382364866,-10.837638235130774,0.0188892731846437,1.2088379267244582,XCME.WY4.27AUG25.110:25.C,
2025-08-20 03:04:31,111.65625,27AUG25,0.021822642857142856,110.5,C,1.171875,1.203125,1.19303468712481,5.871124760835503,0.9087575734846642,58.15684967272457,0.18914971986966184,4.5914422195915465,-225.9850241093459,-0.05922951123842687,-12.93652953511915,0.024234516345564405,1.5509121080507395,XCME.WY4.27AUG25.110:5.C,
2025-08-20 03:04:31,111.65625,27AUG25,0.021822642857142856,110.75,C,0.9375,0.96875,0.959350754736714,5.469081104228183,0.8690067841385172,55.61295815772854,0.2632212214992236,4.727847851588724,-94.37114041036182,-0.024734189991342536,-15.621369006828877,0.031415401114111494,2.010460009698679,XCME.WY4.27AUG25.110:75.C,
2025-08-20 03:04:31,111.65625,27AUG25,0.021822642857142856,111.0,C,0.71875,0.75,0.738451715708887,5.160207026135652,0.8053511518384653,51.539252313054426,0.3612883464951329,4.862126931112826,105.62235112681925,0.02768307438845142,-19.087878789661797,0.04068444766793371,2.603641912957085,XCME.WY4.27AUG25.111.C,
2025-08-20 03:04:31,111.65625,27AUG25,0.021822642857142856,111.25,C,0.53125,0.546875,0.538760128005166,4.950339285360062,0.710732685680773,45.48404895282675,0.467528078245979,4.899832921459164,245.55406228717197,0.06435845538526522,-22.732494410360754,0.05050681809853789,3.2322343310340305,XCME.WY4.27AUG25.111:25.C,
2025-08-20 03:04:31,111.65625,27AUG25,0.021822642857142856,111.5,C,0.359375,0.390625,0.371536094762561,4.864114476154309,0.5860717808451195,37.50624968696426,0.542231517273014,4.682204160438627,156.33376244791046,0.04097427418630051,-25.454337364345914,0.05755670055876001,3.6833986089584054,XCME.WY4.27AUG25.111:5.C,
2025-08-20 03:04:31,111.65625,26AUG25,0.01785438888888889,111.25,P,0.09375,0.109375,0.10198487950997,4.789885750985685,-0.2627990687724715,-16.818089205163087,0.5095947732739317,5.183283198115244,301.76859233100276,0.07909199426518192,-23.197689860743722,0.043580791109727374,2.788996307858113,XCME.GY4.26AUG25.111:25.P,
2025-08-20 03:04:31,111.65625,26AUG25,0.01785438888888889,111.5,P,0.171875,0.1875,0.182462968493638,4.745096431368456,-0.40267273581456275,-25.769444401188757,0.61038678809512,5.008606285347132,222.83346679111816,0.0584035042924613,-27.26871504924403,0.0517124551662571,3.3093902808197893,XCME.GY4.26AUG25.111:5.P,
2025-08-20 03:04:31,111.65625,26AUG25,0.01785438888888889,111.75,P,0.296875,0.328125,0.304641459589185,4.784180691099601,-0.5582970751397478,-35.728779620643294,0.6173902738291379,4.383666752075252,-138.5889449145508,-0.03632344887759593,-28.03782978514399,0.05273662678082606,3.3749331674657443,XCME.GY4.26AUG25.111:75.P,
2025-08-20 03:04:31,111.65625,26AUG25,0.01785438888888889,112.0,P,0.453125,0.484375,0.467103399453443,4.874808257768533,-0.7011570015100463,-44.871243468636926,0.5328494299425924,3.4374190483201246,-311.47516489314665,-0.08163603695527596,-25.124015075629032,0.046377467911163754,2.9679724364428357,XCME.GY4.26AUG25.112.P,
2025-08-20 03:04:31,111.65625,26AUG25,0.01785438888888889,112.25,P,0.65625,0.671875,0.661797713754648,4.987465748736452,-0.8135208300999957,-52.06207904307932,0.40252199311320797,2.431736512551596,-110.97125920285607,-0.029084995654037764,-19.866388787754293,0.035843840047912426,2.2938623877062034,XCME.GY4.26AUG25.112:25.P,
2025-08-20 03:04:31,111.65625,26AUG25,0.01785438888888889,112.5,P,0.859375,0.890625,0.878750656938102,5.086456388100139,-0.8927784968901875,-57.13425268698444,0.27161913711710217,1.5627432340405651,268.4949785476283,0.07037115141600328,-13.943136501478321,0.024667246874145555,1.5786051309578188,XCME.GY4.26AUG25.112:5.P,
2025-08-20 03:04:31,111.65625,26AUG25,0.01785438888888889,112.75,P,1.09375,1.125,1.10924148240928,5.0890053104270185,-0.9461337384159353,-60.54877472366619,0.160919014517429,0.8852801941557323,604.1415103336745,0.1583423791772789,-8.268802823355667,0.014621275430667342,0.9357031424609872,XCME.GY4.26AUG25.112:75.P,
2025-08-20 03:04:31,111.65625,26AUG25,0.01785438888888889,113.0,P,1.34375,1.375,1.34683615461139,4.592284794835501,-0.9857329537683549,-63.08296610935964,0.05911233334813382,0.30201544699798843,800.6883652912549,0.2098562978560433,-2.4734617172627664,0.004846764363467275,0.31017353220445176,XCME.GY4.26AUG25.113.P,
2025-08-20 03:04:31,111.65625,26AUG25,0.01785438888888889,113.25,P,1.578125,1.609375,1.58830611209017,,,,,,,,,,,XCME.GY4.26AUG25.113:25.P,Failed to converge: final error 0.005443888 > tolerance 0.000001000
2025-08-20 03:04:31,111.65625,26AUG25,0.01785438888888889,113.5,P,1.828125,1.859375,1.83142901580726,,,,,,,,,,,XCME.GY4.26AUG25.113:5.P,Failed to converge: final error 0.012320984 > tolerance 0.000001000
2025-08-20 03:04:31,111.65625,26AUG25,0.01785438888888889,113.75,P,2.078125,2.109375,2.078125,,,,,,,,,,,XCME.GY4.26AUG25.113:75.P,Failed to converge: final error 0.015625000 > tolerance 0.000001000
2025-08-20 03:04:31,111.65625,26AUG25,0.01785438888888889,114.0,P,2.328125,2.359375,2.328125,,,,,,,,,,,XCME.GY4.26AUG25.114.P,Failed to converge: final error 0.015625000 > tolerance 0.000001000
2025-08-20 03:04:31,111.65625,27AUG25,0.021822642857142856,111.75,C,0.234375,0.265625,0.242835129482494,4.8746171651559855,0.4482081166813361,28.683526635138783,0.5493325907751171,4.132259132379335,-97.63244041540356,-0.02558895993046486,-25.899170580354408,0.05843636919249591,3.739693882842968,XCME.WY4.27AUG25.111:75.C,
2025-08-20 03:04:31,111.65625,27AUG25,0.021822642857142856,112.0,C,0.15625,0.171875,0.153386169545414,4.985729502119325,0.32034860598508597,20.50102938862156,0.4857649504132245,3.3349086781475554,-240.77114888476308,-0.0631048784093709,-23.958138111121045,0.05285209821644404,3.382322877459553,XCME.WY4.27AUG25.112.C,
2025-08-20 03:04:31,111.65625,27AUG25,0.021822642857142856,112.25,C,0.09375,0.109375,0.0955516027841412,5.17082039552773,0.21848993197947536,13.982481686958506,0.38609706003544864,2.498913596701809,-155.50674793004598,-0.04075751793940648,-20.48258965603046,0.04356756552146704,2.7881499231118045,XCME.WY4.27AUG25.112:25.C,
2025-08-20 03:04:31,111.65625,27AUG25,0.021822642857142856,112.5,C,0.0625,0.078125,0.060752625013933,5.437856677798996,0.14677954805197657,9.393303957134293,0.2860658598333889,1.7880534025526813,38.61076900134684,0.01011968375118092,-16.783827529898193,0.03394697907907828,2.1724708731446936,XCME.WY4.27AUG25.112:5.C,
2025-08-20 03:04:31,111.65625,27AUG25,0.021822642857142856,112.75,C,0.03125,0.046875,0.0400388033102956,5.763179587660521,0.09944830214770439,6.3642935442444895,0.20530609189988583,1.2585115080081355,201.51506565783347,0.05281606112234126,-13.529931738551445,0.02582089752979921,1.65243415831703,XCME.WY4.27AUG25.112:75.C,
2025-08-20 03:04:31,111.65625,27AUG25,0.021822642857142856,113.0,C,0.015625,0.046875,0.0278408244400339,6.14592244914751,0.0694293418307513,4.443200159800761,0.14695857217392613,0.893470306875941,285.22247969831915,0.07475534333889923,-11.013834320462399,0.019710123472165234,1.2613690617246862,XCME.WY4.27AUG25.113.C,
2025-08-20 03:04:31,111.65625,27AUG25,0.021822642857142856,113.25,C,0.015625,0.03125,0.0206493168876847,6.585495290189669,0.050685600539318754,3.243675692114243,0.10717169836983831,0.6517999285931783,303.88983327731756,0.07964796059509399,-9.222028576590493,0.015401956830480075,0.9856636293234028,XCME.WY4.27AUG25.113:25.C,
2025-08-20 03:04:31,111.65625,27AUG25,0.021822642857142856,113.5,C,0.015625,0.03125,0.0161336879070006,7.059737630822432,0.038538095450126084,2.4662839564262686,0.08016300348178111,0.4901666209767303,288.8369808286135,0.07570268547434307,-7.927213709858032,0.012350083302692367,0.7903559310391007,XCME.WY4.27AUG25.113:5.C,
2025-08-20 03:04:31,111.65625,27AUG25,0.021822642857142856,113.75,C,0.015625,0.03125,0.0131526857115603,7.557501864811481,0.03036916118290638,1.9435048390612766,0.06156695906195982,0.37969721998802575,260.3218419886879,0.0682290144067972,-6.977079842360345,0.010153910042211653,0.6498096270613769,XCME.WY4.27AUG25.113:75.C,
2025-08-20 03:04:31,111.65625,27AUG25,0.021822642857142856,114.0,C,0.007,0.03125,0.0111564581203965,8.078687275304906,0.02477151491536724,1.5852778685238418,0.0485970110097465,0.3030688388483792,228.46545061092982,0.05987961825295439,-6.293041794183587,0.008567570774225422,0.54829025926733,XCME.WY4.27AUG25.114.C,
2025-08-20 03:04:31,111.65625,27AUG25,0.021822642857142856,110.0,P,0.007,0.015625,0.0124183901757391,6.166241152936764,-0.03451356770148262,-2.2087302786240817,0.0838583194640989,4.398483758060889,-385.9969036861056,-0.10116780098583826,-6.326399729956053,0.011284283935854848,0.7221490347589669,XCME.WY4.27AUG25.110.P,
2025-08-20 03:04:31,111.65625,27AUG25,0.021822642857142856,110.25,P,0.007,0.015625,0.0163540989633759,5.685986274392085,-0.047047271204995744,-3.0108371680349073,0.11695281385851691,4.481380308534052,-420.2653366349463,-0.11014938081603329,-7.502253811625737,0.014511884977846619,0.9287025910422722,XCME.WY4.27AUG25.110:25.P,
2025-08-20 03:04:31,111.65625,27AUG25,0.021822642857142856,110.5,P,0.015625,0.03125,0.0241859093333687,5.299998729231117,-0.06986434381506579,-4.47103854678895,0.17123579142278575,4.607863887659017,-381.4318071127612,-0.09997131267931854,-9.543672766854177,0.01980512811044077,1.2674489785557674,XCME.WY4.27AUG25.110:5.P,
2025-08-20 03:04:31,111.65625,27AUG25,0.021822642857142856,110.75,P,0.03125,0.046875,0.0391185860881365,4.997062618898871,-0.10978654460436676,-7.025899708501055,0.25437015427531245,4.780666431124273,-214.54653164119787,-0.05623154125850015,-12.602746489687993,0.027738839663567046,1.7751747831096367,XCME.WY4.27AUG25.110:75.P,
2025-08-20 03:04:31,111.65625,27AUG25,0.021822642857142856,111.0,P,0.046875,0.078125,0.0674508520172878,4.787075538019974,-0.17670523289931406,-11.308428084624502,0.36676225421050695,4.959908438663157,66.81561774789053,0.01751202938291277,-16.676106419501004,0.03831442030151551,2.4519696416157863,XCME.WY4.27AUG25.111.P,
2025-08-20 03:04:31,111.65625,27AUG25,0.021822642857142856,111.25,P,0.109375,0.125,0.117339957889158,4.646926353253494,-0.276992740286057,-17.726427407346502,0.4877980862495916,5.034401707261496,273.24811415555075,0.07161692378528643,-20.899752106352697,0.04946673281211275,3.1656730330439675,XCME.WY4.27AUG25.111:25.P,
2025-08-20 03:04:31,111.65625,27AUG25,0.021822642857142856,111.5,P,0.1875,0.21875,0.199832619167765,4.595251580732429,-0.40897811847963084,-26.172963670222455,0.5723248220181826,4.826241352220349,183.77892472757622,0.04816750990663462,-23.978975926266532,0.05739303882211165,3.672924912459857,XCME.WY4.27AUG25.111:5.P,
2025-08-20 03:04:31,111.65625,27AUG25,0.021822642857142856,111.75,P,0.3125,0.34375,0.320882940331778,4.605780030753312,-0.5547963937495846,-35.50475001439842,0.5808051885250821,4.248535835486839,-115.38871286894873,-0.030242787514769498,-24.445917171035262,0.05837689949434657,3.7358880600402027,XCME.WY4.27AUG25.111:75.P,
2025-08-20 03:04:31,111.65625,27AUG25,0.021822642857142856,112.0,P,0.484375,0.5,0.481172390509919,4.681544264991236,-0.6904230319104497,-44.18431235014114,0.5098227221416693,3.3881961147918154,-275.8909888982567,-0.07230960764737772,-22.170062591604903,0.05208535958619913,3.3332546720783993,XCME.WY4.27AUG25.112.P,
2025-08-20 03:04:31,111.65625,28AUG25,0.025790896825396824,110.0,C,1.671875,1.703125,1.6780849219795,6.317612925398068,0.9487075463098497,60.71348813364514,0.10374096583718707,4.4094415768558335,-277.9004759992739,-0.0728362838698498,-8.215344460189847,0.016903231702443792,1.0817392160295929,XCME.HY4.28AUG25.110.C,
2025-08-20 03:04:31,111.65625,28AUG25,0.025790896825396824,110.25,C,1.421875,1.453125,1.43596208971493,5.943085935410812,0.9296768578870857,59.49560019734193,0.1411775190433398,4.482833640496369,-255.18066184749523,-0.06688153756335731,-9.893706650890506,0.02163933946007386,1.3848311680868868,XCME.HY4.28AUG25.110:25.C,
2025-08-20 03:04:31,111.65625,28AUG25,0.025790896825396824,110.5,C,1.1875,1.21875,1.19795264044862,5.581928449758582,0.9014460755798297,57.68894305280678,0.19370022292710598,4.579370459129775,-184.9704766993875,-0.048479809543230966,-11.974795755389156,0.027885653713508752,1.784570295049706,XCME.HY4.28AUG25.110:5.C,
2025-08-20 03:04:31,111.65625,28AUG25,0.025790896825396824,110.75,C,0.953125,0.984375,0.967087100668158,5.251365169559182,0.8587207145345506,54.9546908473531,0.26555560537132844,4.694206800425013,-52.360316763056986,-0.013723369424092812,-14.53012582631271,0.03596616533587454,2.3016907168346266,XCME.HY4.28AUG25.110:75.C,
2025-08-20 03:04:31,111.65625,28AUG25,0.025790896825396824,111.0,C,0.734375,0.765625,0.750671440535072,5.017447738695755,0.7923003884320599,50.7040556580981,0.35535414851632924,4.783010288099161,120.93405217882562,0.031696192395335034,-17.749926893591137,0.04598441772273077,2.942818796583878,XCME.HY4.28AUG25.111.C,
2025-08-20 03:04:31,111.65625,28AUG25,0.025790896825396824,111.25,C,0.546875,0.578125,0.556212190376915,4.868287514519179,0.69833496907749,44.69064468108305,0.4458310542398688,4.758902609925487,216.3047968350102,0.05669237351261736,-20.964872123550887,0.055977433040038764,3.5823318048303205,XCME.HY4.28AUG25.111:25.C,
2025-08-20 03:04:31,111.65625,28AUG25,0.025790896825396824,111.5,C,0.390625,0.40625,0.393527832188006,4.825153870156531,0.5799007230717673,37.111326673700816,0.5044716872309067,4.5016407863669015,125.9335018201472,0.03300652240451885,-23.30389930309642,0.06277900213743731,4.017605020787438,XCME.HY4.28AUG25.111:5.C,
2025-08-20 03:04:31,111.65625,28AUG25,0.025790896825396824,111.75,C,0.265625,0.28125,0.266880922037849,4.862210645580795,0.45221715824861564,28.940089259278405,0.5072393533746787,3.976704757633771,-76.8677921063057,-0.020146652524330726,-23.79304048168956,0.0636082070617145,4.070670819121481,XCME.HY4.28AUG25.111:75.C,
2025-08-20 03:04:31,111.65625,28AUG25,0.025790896825396824,112.0,C,0.171875,0.203125,0.176485931065614,4.984704056493775,0.3338131756621021,21.362707989671883,0.4544618398416864,3.2632583565817663,-198.8276708224849,-0.05211170877319908,-22.405035909385774,0.05842560868839749,3.7390052536226857,XCME.HY4.28AUG25.112.C,
2025-08-20 03:04:31,111.65625,28AUG25,0.025790896825396824,112.25,C,0.109375,0.125,0.115503172934652,5.167618727427299,0.23716518278246163,15.177623037346414,0.3721646947500191,2.52028981501334,-156.61260594571505,-0.041047357631329974,-19.71903064950367,0.049601188080803944,3.174277632419129,XCME.HY4.28AUG25.112:25.C,
2025-08-20 03:04:31,111.65625,28AUG25,0.025790896825396824,112.5,C,0.0625,0.09375,0.0772547059192448,5.430045557377768,0.16663253493069397,10.66381570542469,0.286475106892768,1.873112013870565,-20.288971514818446,-0.005317634967579091,-16.759586536251618,0.04011961969069772,2.5674951817258913,XCME.HY4.28AUG25.112:5.C,
2025-08-20 03:04:31,111.65625,27AUG25,0.021822642857142856,112.25,P,0.671875,0.6875,0.673004330331395,4.787638949409717,-0.7994098655732637,-51.15903375722658,0.3965452205003497,2.466524762953552,-138.95799052734026,-0.036420173832518735,-18.034535717410925,0.04143062228625243,2.6513941038310107,XCME.WY4.27AUG25.112:25.P,
2025-08-20 03:04:31,111.65625,27AUG25,0.021822642857142856,112.5,P,0.875,0.90625,0.887688779509357,4.912789516046637,-0.8775049740293912,-56.15680831798492,0.2796542317226607,1.6597996637204002,157.5363742071262,0.04128947253622951,-13.392053455494866,0.0299817444568185,1.9187117182585567,XCME.WY4.27AUG25.112:5.P,
2025-08-20 03:04:31,111.65625,27AUG25,0.021822642857142856,112.75,P,1.109375,1.140625,1.11611313426671,4.9873476181015794,-0.9311684313904426,-59.59105493526276,0.1798947830019208,1.025849516085428,436.3912892848217,0.11437590997419546,-8.878248805837384,0.0195792275438058,1.252992245893396,XCME.WY4.27AUG25.112:75.P,
2025-08-20 03:04:31,111.65625,27AUG25,0.021822642857142856,113.0,P,1.34375,1.375,1.35255194314401,4.885446566928156,-0.9686926712032955,-61.992456186326095,0.09766960735867722,0.5314954874110468,621.5629757366797,0.16290845555753442,-4.625273738136432,0.010412884583351196,0.6663829617961431,XCME.WY4.27AUG25.113.P,
2025-08-20 03:04:31,111.65625,27AUG25,0.021822642857142856,113.25,P,1.578125,1.609375,1.59342319679019,,,,,,,,,,,XCME.WY4.27AUG25.113:25.P,Failed to converge: final error 0.000326803 > tolerance 0.000001000
2025-08-20 03:04:31,111.65625,27AUG25,0.021822642857142856,113.5,P,1.828125,1.859375,1.83636774782708,,,,,,,,,,,XCME.WY4.27AUG25.113:5.P,Failed to converge: final error 0.007382252 > tolerance 0.000001000
2025-08-20 03:04:31,111.65625,27AUG25,0.021822642857142856,113.75,P,2.078125,2.109375,2.08025817341817,,,,,,,,,,,XCME.WY4.27AUG25.113:75.P,Failed to converge: final error 0.013491827 > tolerance 0.000001000
2025-08-20 03:04:31,111.65625,27AUG25,0.021822642857142856,114.0,P,2.328125,2.359375,2.328125,,,,,,,,,,,XCME.WY4.27AUG25.114.P,Failed to converge: final error 0.015625000 > tolerance 0.000001000
2025-08-20 03:04:31,111.65625,28AUG25,0.025790896825396824,112.75,C,0.046875,0.0625,0.0531155954009819,5.738502354539965,0.11764854672316238,7.529036396095499,0.21405004720715448,1.3707632993984171,112.62013456453542,0.029517157396393295,-13.985626308431677,0.03167964718468247,2.0273707012309394,XCME.HY4.28AUG25.112:75.C,
2025-08-20 03:04:31,111.65625,28AUG25,0.025790896825396824,113.0,C,0.03125,0.046875,0.0380263109109933,6.092226356885766,0.08480803063983616,5.427374728826955,0.1587774143937647,1.006464726548441,197.5539863730964,0.05177788263712396,-11.692577343643022,0.024947739507121567,1.5965555374977518,XCME.HY4.28AUG25.113.C,
2025-08-20 03:04:31,111.65625,28AUG25,0.025790896825396824,113.25,C,0.015625,0.03125,0.0285888082308219,6.490768951285359,0.06313949232803782,4.0406749510251085,0.118922468969297,0.7522314142746465,233.3305719308977,0.06115474150075827,-9.940899442954397,0.01990794862053925,1.2740290799200298,XCME.HY4.28AUG25.113:25.C,
2025-08-20 03:04:31,111.65625,28AUG25,0.025790896825396824,113.5,C,0.015625,0.03125,0.0223171266908508,6.912350009867844,0.04836691768355282,3.095289264076646,0.09047576469463198,0.573683464316223,238.05618956805452,0.062393301551591805,-8.577350701628687,0.01612963082008787,1.0322318539623434,XCME.HY4.28AUG25.113:5.C,
2025-08-20 03:04:31,111.65625,28AUG25,0.025790896825396824,113.75,C,0.015625,0.03125,0.0182295093805465,7.3676387743680625,0.03840091810742683,2.4575051552028873,0.07045185370393806,0.44981857860065616,224.56470447096893,0.05885725277433191,-7.587846520067301,0.013387121145656997,0.8567222048374651,XCME.HY4.28AUG25.113:75.C,
2025-08-20 03:04:31,111.65625,28AUG25,0.025790896825396824,114.0,C,0.015625,0.03125,0.0151955701668101,7.82432890329886,0.031075015457755494,1.9886766892345207,0.05575212770046034,0.35884723578631,205.1630489123813,0.053772178750154886,-6.772127189401928,0.011250581978036746,0.7199922442664396,XCME.HY4.28AUG25.114.C,
2025-08-20 03:04:31,111.65625,28AUG25,0.025790896825396824,110.0,P,0.007,0.015625,0.0138872803188832,5.7878846547463265,-0.03738629246736869,-2.3925731727417268,0.08774280453992664,4.402327176120552,-365.84171150300784,-0.095885228892283,-5.832042906852057,0.013097783980777102,0.8382057836338114,XCME.HY4.28AUG25.110.P,
2025-08-20 03:04:31,111.65625,28AUG25,0.025790896825396824,110.25,P,0.015625,0.03125,0.0189964067653676,5.390888393563023,-0.05215481027802693,-3.337699238552611,0.1231966150102522,4.48550005721854,-378.69518858076833,-0.09925405905273517,-7.1037704676413815,0.017128745636097054,1.0961712057276671,XCME.HY4.28AUG25.110:25.P,
2025-08-20 03:04:31,111.65625,28AUG25,0.025790896825396824,110.5,P,0.015625,0.03125,0.0289435896182368,5.086359945708452,-0.0784602296235235,-5.021140854987009,0.1793418628498146,4.604959485649732,-311.91559811399486,-0.0817514722347013,-9.205880248932047,0.023526385617930107,1.5055945740050551,XCME.HY4.28AUG25.110:5.P,
2025-08-20 03:04:31,111.65625,28AUG25,0.025790896825396824,110.75,P,0.03125,0.0625,0.0468226747826037,4.842415540649657,-0.12194064855016284,-7.803713744616221,0.2601506736698402,4.753293242458473,-139.56840931478405,-0.03658016145370532,-12.103710505716288,0.03249027996532126,2.079247956660699,XCME.HY4.28AUG25.110:75.P,
2025-08-20 03:04:31,111.65625,28AUG25,0.025790896825396824,111.0,P,0.0625,0.09375,0.0796988003736487,4.689811321721141,-0.19178806149588956,-12.273668783490947,0.36237755932093235,4.878603093183471,100.94698750701785,0.026457685656812422,-15.813991485828804,0.04383117473053319,2.8050198580552017,XCME.HY4.28AUG25.111.P,
2025-08-20 03:04:31,111.65625,28AUG25,0.025790896825396824,111.25,P,0.125,0.140625,0.134826639702581,4.595719049357753,-0.291010246077672,-18.623491707986695,0.4645497091150723,4.880314732990842,241.48918209117554,0.06329307121567028,-19.467428940888038,0.055062015915776655,3.5237487705460424,XCME.HY4.28AUG25.111:25.P,
2025-08-20 03:04:31,111.65625,28AUG25,0.025790896825396824,111.5,P,0.21875,0.234375,0.221841025807024,4.578993820041624,-0.4158665398193706,-26.61379508228044,0.5303995368182718,4.625605479489826,146.33658062860965,0.0383540643062318,-22.065446222726102,0.06263825314651221,4.008597648364195,XCME.HY4.28AUG25.111:5.P,
2025-08-20 03:04:31,111.65625,28AUG25,0.025790896825396824,111.75,P,0.34375,0.359375,0.344920931878512,4.615135778995834,-0.5503276657422078,-35.21876929683833,0.5339715371359582,4.075497835108142,-89.6704361558536,-0.023502159609823988,-22.566101480002384,0.06355782614807476,4.067446642172192,XCME.HY4.28AUG25.111:75.P,
2025-08-20 03:04:31,111.65625,28AUG25,0.025790896825396824,112.0,P,0.5,0.53125,0.504242409254047,4.709486627251094,-0.6752662680925144,-43.21434009284855,0.47571483692397837,3.3121660876669865,-226.82099292468962,-0.05944861436058516,-20.934533920406345,0.057781220198736646,3.69776696783835,XCME.HY4.28AUG25.112.P,
2025-08-20 03:04:31,111.65625,28AUG25,0.025790896825396824,112.25,P,0.6875,0.71875,0.692920703745223,4.832465545535661,-0.7778853106858346,-49.781548342650666,0.3836229279267369,2.504004799106277,-156.82067205579864,-0.041101890687465455,-17.7750794995304,0.04781231433651923,3.059796868279885,XCME.HY4.28AUG25.112:25.P,
2025-08-20 03:04:31,111.65625,28AUG25,0.025790896825396824,112.5,P,0.890625,0.921875,0.904196751506088,4.993731140380875,-0.853622267459575,-54.62841062834296,0.2860158250262483,1.7861608604511374,40.11344196704414,0.010513526598335179,-14.151739950632136,0.03683678026949927,2.357406590126875,XCME.HY4.28AUG25.112:5.P,
2025-08-20 03:04:31,111.65625,28AUG25,0.025790896825396824,112.75,P,1.109375,1.140625,1.12932636900735,5.138132567003619,-0.9074972175475936,-58.076191934175796,0.2008422041217209,1.2110585263876406,244.20943016320666,0.064006034228988,-10.52046782976484,0.0266150157852669,1.7032545501939402,XCME.HY4.28AUG25.112:75.P,
2025-08-20 03:04:31,111.65625,28AUG25,0.025790896825396824,113.0,P,1.34375,1.375,1.36312478551327,5.221416958658583,-0.9454769840256011,-60.50674506970236,0.13175162217980946,0.7685838568184447,394.7982770909384,0.10347459563760641,-7.126924949314727,0.01774233563470512,1.1354385112785887,XCME.HY4.28AUG25.113.P,
2025-08-20 03:04:31,111.65625,29AUG25,0.030172507936507935,110.0,C,1.671875,1.703125,1.68330082844765,6.109847196028333,0.9406901717808132,60.20040823328492,0.11123006929008522,4.406440137275808,-234.7820203126935,-0.06153515864822365,-8.238580111861177,0.020505197983024265,1.312250650121621,XCME.ZN5.29AUG25.110.C,
2025-08-20 03:04:31,111.65625,29AUG25,0.030172507936507935,110.25,C,1.4375,1.453125,1.44295169200987,5.777677743662304,0.9194244961663373,58.839490056660914,0.14893812308755155,4.471557182129216,-200.3334340513579,-0.052506361562420154,-9.864656564404175,0.02596394029048751,1.6615883228300385,XCME.ZN5.29AUG25.110:25.C,
2025-08-20 03:04:31,111.65625,29AUG25,0.030172507936507935,110.5,C,1.1875,1.21875,1.20755236394291,5.4645277154563106,0.8884125891058889,56.85485205242047,0.20014288596047752,4.551015665183524,-124.2728341240514,-0.03257126995203065,-11.858093962872081,0.032999259996447074,2.111820642732627,XCME.ZN5.29AUG25.110:5.C,
2025-08-20 03:04:31,111.65625,29AUG25,0.030172507936507935,110.75,C,0.96875,1.0,0.980461534310079,5.186419752363913,0.842779217577899,53.934498808115215,0.26699275785174276,4.633138353967778,-3.5558395981623687,-0.0009319672499160586,-14.249652387214203,0.04178097343028706,2.6738151756446507,XCME.ZN5.29AUG25.110:75.C,
2025-08-20 03:04:31,111.65625,29AUG25,0.030172507936507935,111.0,C,0.75,0.78125,0.768344755427883,4.986041478298615,0.7756901522463828,49.64106698315951,0.34568157593452126,4.673633391026633,128.79303931203512,0.03375599245758984,-17.051299034286096,0.052004811967613813,3.3280999466794134,XCME.ZN5.29AUG25.111.C,
2025-08-20 03:04:31,111.65625,29AUG25,0.030172507936507935,111.25,C,0.5625,0.59375,0.578402731327778,4.86377043038965,0.6846904041828374,43.81744710608486,0.4206511375685928,4.598471390396856,184.05974988581966,0.04824111273466168,-19.744114796121075,0.061731459642541335,3.950566491284075,XCME.ZN5.29AUG25.111:25.C,
2025-08-20 03:04:31,111.65625,29AUG25,0.030172507936507935,111.5,C,0.40625,0.4375,0.417209283199988,4.809309021503102,0.5741848823119191,36.74553572843357,0.46927250182540403,4.33347641317434,101.39186081805921,0.026574284661015687,-21.53574682380365,0.06809562340109417,4.357847515176422,XCME.ZN5.29AUG25.111:5.C,
2025-08-20 03:04:31,111.65625,29AUG25,0.030172507936507935,111.75,C,0.28125,0.3125,0.290597290021047,4.839866345760903,0.4556040963182903,29.156839747985305,0.47159658373366714,3.844955361604593,-61.77734428684452,-0.016191523850480227,-21.918299209112227,0.06886767626138077,4.407255810023323,XCME.ZN5.29AUG25.111:75.C,
2025-08-20 03:04:31,111.65625,29AUG25,0.030172507936507935,112.0,C,0.203125,0.21875,0.196998034163556,4.931212324504074,0.3440948226675371,22.020692271431706,0.4297131286087992,3.205083223738859,-168.90303982004028,-0.044268617067230724,-20.732682213087607,0.0639357457429957,4.091631984568752,XCME.ZN5.29AUG25.112.C,
2025-08-20 03:04:31,111.65625,29AUG25,0.030172507936507935,112.25,C,0.125,0.15625,0.132587848537739,5.091149701525766,0.25098252132031107,16.06187743441463,0.360083301239813,2.5288434345346786,-150.14478257671388,-0.039352174428672025,-18.51843066254035,0.05531338785200889,3.539835568977161,XCME.ZN5.29AUG25.112:25.C,
2025-08-20 03:04:31,111.65625,29AUG25,0.030172507936507935,112.5,C,0.09375,0.109375,0.0895596540820094,5.297000355372329,0.17956648324674962,11.491536661858987,0.2847542930149148,1.9203870241834842,-45.14612017254072,-0.011832565643097783,-15.852572498227843,0.04551050897929305,2.912490532638838,XCME.ZN5.29AUG25.112:5.C,
2025-08-20 03:04:31,111.65625,29AUG25,0.030172507936507935,112.75,C,0.0625,0.078125,0.0624407958826367,5.568688966560489,0.12908410960447947,8.260866678248266,0.2176291683343131,1.4334509111840394,70.86404943128392,0.018573102482046664,-13.390367269352478,0.03656633840159443,2.340099392348437,XCME.ZN5.29AUG25.112:75.C,
2025-08-20 03:04:31,111.65625,29AUG25,0.030172507936507935,113.0,C,0.03125,0.0625,0.044803455671115,5.874072363765916,0.0939255612915213,6.010860220412197,0.16426570153542086,1.0672355695025382,155.70501438557267,0.040809482556540315,-11.245918739709673,0.029113712925673888,1.863161172391426,XCME.ZN5.29AUG25.113.C,
2025-08-20 03:04:31,111.65625,29AUG25,0.030172507936507935,113.25,C,0.03125,0.046875,0.0335809593460397,6.223293777278893,0.0701966150543894,4.492302577020704,0.1244753341149607,0.8046130223838528,199.24516761755805,0.052221132533526796,-9.565184905757443,0.0233730298483674,1.4957804181761203,XCME.ZN5.29AUG25.113:25.C,
2025-08-20 03:04:31,111.65625,29AUG25,0.030172507936507935,113.5,C,0.015625,0.03125,0.0264388853179582,6.616155030359113,0.05432190676498868,3.4763847453322154,0.09585101945064442,0.6207087098944495,210.5892542905247,0.05519435924062512,-8.324871642567631,0.019134354665936926,1.2245221612012995,XCME.ZN5.29AUG25.113:5.C,
2025-08-20 03:04:31,111.65625,28AUG25,0.025790896825396824,113.25,P,1.59375,1.625,1.60210962636407,5.133840931280445,-0.9733853863713195,-62.292771186218964,0.0746996648265645,0.4177129593368693,479.3094764983542,0.12562454586020372,-3.9063660165183505,0.009890710845620829,0.6329659312763505,XCME.HY4.28AUG25.113:25.P,
2025-08-20 03:04:31,111.65625,28AUG25,0.025790896825396824,113.5,P,1.828125,1.859375,1.84372595743724,,,,,,,,,,,XCME.HY4.28AUG25.113:5.P,Failed to converge: final error 0.000024043 > tolerance 0.000001000
2025-08-20 03:04:31,111.65625,28AUG25,0.025790896825396824,113.75,P,2.078125,2.109375,2.08702993617292,,,,,,,,,,,XCME.HY4.28AUG25.113:75.P,Failed to converge: final error 0.006720064 > tolerance 0.000001000
2025-08-20 03:04:31,111.65625,28AUG25,0.025790896825396824,114.0,P,2.328125,2.359375,2.33080570889058,,,,,,,,,,,XCME.HY4.28AUG25.114.P,Failed to converge: final error 0.012944291 > tolerance 0.000001000
2025-08-20 03:04:31,111.65625,29AUG25,0.030172507936507935,113.75,C,0.015625,0.03125,0.0215710335617132,7.031376599167002,0.04323974353890471,2.7671706275157457,0.07515018834828938,0.48938361864396174,204.49223221849377,0.05359636114867387,-7.3719139215639,0.01594343306705026,1.0203159425589483,XCME.ZN5.29AUG25.113:75.C,
2025-08-20 03:04:31,111.65625,29AUG25,0.030172507936507935,114.0,C,0.015625,0.03125,0.0182190490439069,7.469031032568198,0.03541904968548772,2.2666775036724722,0.06014252854309187,0.3950730135792191,189.55363147030516,0.049681030810354264,-6.657017126479417,0.0135536840331757,0.8673815633871121,XCME.ZN5.29AUG25.114.C,
2025-08-20 03:04:31,111.65625,29AUG25,0.030172507936507935,110.0,P,0.015625,0.03125,0.0181848386173442,5.631199865414989,-0.0452046279238979,-2.89291536861777,0.09725832888468937,4.40846088312306,-314.34046888473966,-0.08238701837822836,-6.119249349201709,0.016524911990224517,1.0575282677264082,XCME.ZN5.29AUG25.110.P,
2025-08-20 03:04:31,111.65625,29AUG25,0.030172507936507935,110.25,P,0.015625,0.03125,0.0254040624661371,5.303261509463664,-0.0634352699085795,-4.059603533069454,0.13505938353603802,4.486705953104157,-297.76041648361144,-0.07804147201338976,-7.536684113619176,0.021611216617731396,1.3830314186683383,XCME.ZN5.29AUG25.110:25.P,
2025-08-20 03:04:31,111.65625,29AUG25,0.030172507936507935,110.5,P,0.03125,0.046875,0.0382967272561672,5.045662843198909,-0.09354241301097976,-5.986340263050661,0.19065902749892294,4.587963627617938,-212.49223626783052,-0.055693121018559666,-9.630820560470019,0.029025987960040682,1.8575471254907634,XCME.ZN5.29AUG25.110:5.P,
2025-08-20 03:04:31,111.65625,29AUG25,0.030172507936507935,110.75,P,0.046875,0.0625,0.0601512308476799,4.8374494426335435,-0.14040216976408681,-8.9851772562225,0.2654017535414453,4.69726058804521,-55.59155683497126,-0.014570260809518855,-12.322707213256855,0.038737504286634174,2.47904532432744,XCME.ZN5.29AUG25.110:75.P,
2025-08-20 03:04:31,111.65625,29AUG25,0.030172507936507935,111.0,P,0.078125,0.109375,0.0974051643265596,4.69858761915158,-0.21067697953534759,-13.482483982344103,0.35378838473447327,4.764092775831573,123.20044534004015,0.03229020237339401,-15.497002173615101,0.05015593265973752,3.2097790664925623,XCME.ZN5.29AUG25.111.P,
2025-08-20 03:04:31,111.65625,29AUG25,0.030172507936507935,111.25,P,0.140625,0.171875,0.157055726913441,4.617704901793224,-0.30626019351151823,-19.59942734396312,0.4374972724557131,4.705472023626682,205.3873290159148,0.053830961410488896,-18.50960557549871,0.0609555052639656,3.9009085148727425,XCME.ZN5.29AUG25.111:25.P,
2025-08-20 03:04:31,111.65625,29AUG25,0.030172507936507935,111.5,P,0.234375,0.265625,0.245540571378513,4.582685756336379,-0.4221922894399671,-27.018617755000133,0.4916067104591254,4.440161775622667,116.55272238849923,0.0305478684164424,-20.48459687231698,0.06797501161173532,4.3501288431046135,XCME.ZN5.29AUG25.111:5.P,
2025-08-20 03:04:31,111.65625,29AUG25,0.030172507936507935,111.75,P,0.359375,0.390625,0.368629076609842,4.611558849707175,-0.5465840605639617,-34.979193539851295,0.4946320690772251,3.93010665686642,-71.27821884352599,-0.018681654152466802,-20.871191554077097,0.06882424176290773,4.404476175859043,XCME.ZN5.29AUG25.111:75.P,
2025-08-20 03:04:31,111.65625,29AUG25,0.030172507936507935,112.0,P,0.515625,0.546875,0.524721832250094,4.679464755407224,-0.663817002630411,-42.48163290033578,0.44881984255308033,3.250104875471421,-191.74986731785958,-0.050256652917737885,-19.49996688561316,0.06336940653067664,4.055388540337182,XCME.ZN5.29AUG25.112.P,
2025-08-20 03:04:31,111.65625,29AUG25,0.030172507936507935,112.25,P,0.703125,0.734375,0.709957813705287,4.7908152531075565,-0.7622290071107272,-48.77960753905809,0.3716652203576951,2.5207886260738848,-156.4391312321698,-0.04100189080211859,-16.92545035947518,0.05372454628142191,3.4381560638258764,XCME.ZN5.29AUG25.112:25.P,
2025-08-20 03:04:31,111.65625,29AUG25,0.030172507936507935,112.5,P,0.90625,0.9375,0.916459964714544,4.914531256846631,-0.8385178417226402,-53.66178779888208,0.28674127793304216,1.8525705322322106,-7.667648185657356,-0.0020096511092918645,-13.741175396969277,0.04251906719786901,2.721050224394825,XCME.ZN5.29AUG25.112:5.P,
2025-08-20 03:04:31,111.65625,29AUG25,0.030172507936507935,112.75,P,1.125,1.15625,1.13865481632882,5.057506474825272,-0.8934375822812655,-57.17643151567186,0.20920597771454916,1.304362729024184,163.08997430006508,0.04274504252550142,-10.61735767622916,0.031924341454444706,2.043030155718643,XCME.ZN5.29AUG25.112:75.P,
2025-08-20 03:04:31,111.65625,29AUG25,0.030172507936507935,113.0,P,1.359375,1.390625,1.36999084115959,5.156745203432276,-0.9332133032632736,-59.72191855563645,0.14455870360101555,0.8725425645007063,302.74361168153786,0.07934754181665267,-7.6271986018899725,0.022492168497799687,1.4394088151851887,XCME.ZN5.29AUG25.113.P,
2025-08-20 03:04:31,111.65625,29AUG25,0.030172507936507935,113.25,P,1.59375,1.625,1.60731116134785,5.163140514304609,-0.9622202963337558,-61.57825008417504,0.09171847905754775,0.5343066872241591,392.1688033735896,0.10278542411526029,-4.851256044396317,0.0142883539180092,0.9143974973369167,XCME.ZN5.29AUG25.113:25.P,
2025-08-20 03:04:31,111.65625,29AUG25,0.030172507936507935,113.5,P,1.84375,1.875,1.84825414046614,4.888975649346124,-0.9850379335511973,-63.03848759554243,0.044497067772853595,0.24507788689583287,422.46107558207956,0.11072487268837503,-2.1102631006134653,0.006563880677251336,0.4200621078213765,XCME.ZN5.29AUG25.113:5.P,
2025-08-20 03:04:31,111.65625,29AUG25,0.030172507936507935,113.75,P,2.078125,2.109375,2.09098526907725,,,,,,,,,,,XCME.ZN5.29AUG25.113:75.P,Failed to converge: final error 0.002764731 > tolerance 0.000001000
2025-08-20 03:04:31,111.65625,29AUG25,0.030172507936507935,114.0,P,2.328125,2.359375,2.3347826310676,,,,,,,,,,,XCME.ZN5.29AUG25.114.P,Failed to converge: final error 0.008967369 > tolerance 0.000001000
