bloomberg,PX_SETTLE,PX_LAST,PX_BID,PX_ASK,OPT_EXPIRE_DT,MONEYNESS
TU,103.7,103.691802,103.688677,103.694927,,
FV,108.3,108.300054,108.296929,108.303179,,
TY,111.075,111.083966,111.080841,111.087091,,
US,114.281,114.269862,114.266737,114.272987,,
RX,129.56,129.575318,129.572193,129.578443,,
ZN,111.075,111.090161,111.087036,111.093286,,
XCMEOCADCS20250711N0ZN2/109.0,3.228007,3.228007,3.212382,3.243632,2025-07-11,ITM
XCMEOCADPS20250711N0ZN2/109.0,1.675071,1.675071,1.659446,1.690696,2025-07-11,OTM
XCMEOCADCS20250711N0ZN2/109.25,3.433398,3.433398,3.417773,3.449023,2025-07-11,ITM
XCMEOCADPS20250711N0ZN2/109.25,1.453502,1.453502,1.437877,1.469127,2025-07-11,OTM
XCMEOCADCS20250711N0ZN2/109.5,3.139182,3.139182,3.123557,3.154807,2025-07-11,ITM
XCMEOCADPS20250711N0ZN2/109.5,1.288762,1.288762,1.273137,1.304387,2025-07-11,OTM
XCMEOCADCS20250711N0ZN2/109.75,2.806479,2.806479,2.790854,2.822104,2025-07-11,ITM
XCMEOCADPS20250711N0ZN2/109.75,1.368151,1.368151,1.352526,1.383776,2025-07-11,OTM
XCMEOCADCS20250711N0ZN2/110.0,2.129491,2.129491,2.113866,2.145116,2025-07-11,ITM
XCMEOCADPS20250711N0ZN2/110.0,1.377977,1.377977,1.362352,1.393602,2025-07-11,OTM
XCMEOCADCS20250711N0ZN2/110.25,2.151242,2.151242,2.135617,2.166867,2025-07-11,ITM
XCMEOCADPS20250711N0ZN2/110.25,1.095296,1.095296,1.079671,1.110921,2025-07-11,OTM
XCMEOCADCS20250711N0ZN2/110.5,1.819748,1.819748,1.804123,1.835373,2025-07-11,ITM
XCMEOCADPS20250711N0ZN2/110.5,1.174833,1.174833,1.159208,1.190458,2025-07-11,OTM
XCMEOCADCS20250711N0ZN2/110.75,1.473267,1.473267,1.457642,1.488892,2025-07-11,ITM
XCMEOCADPS20250711N0ZN2/110.75,1.021506,1.021506,1.005881,1.037131,2025-07-11,OTM
XCMEOCADCS20250711N0ZN2/111.0,1.374096,1.374096,1.358471,1.389721,2025-07-11,ITM
XCMEOCADPS20250711N0ZN2/111.0,0.963855,0.963855,0.94823,0.97948,2025-07-11,OTM
XCMEOCADCS20250711N0ZN2/111.25,1.138466,1.138466,1.122841,1.154091,2025-07-11,OTM
XCMEOCADPS20250711N0ZN2/111.25,1.350625,1.350625,1.335,1.36625,2025-07-11,ITM
XCMEOCADCS20250711N0ZN2/111.5,1.097976,1.097976,1.082351,1.113601,2025-07-11,OTM
XCMEOCADPS20250711N0ZN2/111.5,1.853619,1.853619,1.837994,1.869244,2025-07-11,ITM
XCMEOCADCS20250711N0ZN2/111.75,1.175511,1.175511,1.159886,1.191136,2025-07-11,OTM
XCMEOCADPS20250711N0ZN2/111.75,1.85495,1.85495,1.839325,1.870575,2025-07-11,ITM
XCMEOCADCS20250711N0ZN2/112.0,1.287408,1.287408,1.271783,1.303033,2025-07-11,OTM
XCMEOCADPS20250711N0ZN2/112.0,2.341155,2.341155,2.32553,2.35678,2025-07-11,ITM
XCMEOCADCS20250711N0ZN2/112.25,1.106555,1.106555,1.09093,1.12218,2025-07-11,OTM
XCMEOCADPS20250711N0ZN2/112.25,2.657714,2.657714,2.642089,2.673339,2025-07-11,ITM
XCMEOCADCS20250711N0ZN2/112.5,1.483168,1.483168,1.467543,1.498793,2025-07-11,OTM
XCMEOCADPS20250711N0ZN2/112.5,2.899977,2.899977,2.884352,2.915602,2025-07-11,ITM
XCMEOCADCS20250711N0ZN2/112.75,1.306062,1.306062,1.290437,1.321687,2025-07-11,OTM
XCMEOCADPS20250711N0ZN2/112.75,3.301006,3.301006,3.285381,3.316631,2025-07-11,ITM
XCMEOCADCS20250711N0ZN2/113.0,1.434995,1.434995,1.41937,1.45062,2025-07-11,OTM
XCMEOCADPS20250711N0ZN2/113.0,3.109241,3.109241,3.093616,3.124866,2025-07-11,ITM
XCMEOCADCS20250714N0VY2/109.0,3.276808,3.276808,3.261183,3.292433,2025-07-14,ITM
XCMEOCADPS20250714N0VY2/109.0,1.467223,1.467223,1.451598,1.482848,2025-07-14,OTM
XCMEOCADCS20250714N0VY2/109.25,3.253905,3.253905,3.23828,3.26953,2025-07-14,ITM
XCMEOCADPS20250714N0VY2/109.25,1.588908,1.588908,1.573283,1.604533,2025-07-14,OTM
XCMEOCADCS20250714N0VY2/109.5,3.042946,3.042946,3.027321,3.058571,2025-07-14,ITM
XCMEOCADPS20250714N0VY2/109.5,1.213621,1.213621,1.197996,1.229246,2025-07-14,OTM
XCMEOCADCS20250714N0VY2/109.75,2.559586,2.559586,2.543961,2.575211,2025-07-14,ITM
XCMEOCADPS20250714N0VY2/109.75,1.152687,1.152687,1.137062,1.168312,2025-07-14,OTM
XCMEOCADCS20250714N0VY2/110.0,2.299128,2.299128,2.283503,2.314753,2025-07-14,ITM
XCMEOCADPS20250714N0VY2/110.0,1.035639,1.035639,1.020014,1.051264,2025-07-14,OTM
XCMEOCADCS20250714N0VY2/110.25,1.90217,1.90217,1.886545,1.917795,2025-07-14,ITM
XCMEOCADPS20250714N0VY2/110.25,1.355879,1.355879,1.340254,1.371504,2025-07-14,OTM
XCMEOCADCS20250714N0VY2/110.5,1.619331,1.619331,1.603706,1.634956,2025-07-14,ITM
XCMEOCADPS20250714N0VY2/110.5,1.174538,1.174538,1.158913,1.190163,2025-07-14,OTM
XCMEOCADCS20250714N0VY2/110.75,1.402335,1.402335,1.38671,1.41796,2025-07-14,ITM
XCMEOCADPS20250714N0VY2/110.75,1.136419,1.136419,1.120794,1.152044,2025-07-14,OTM
XCMEOCADCS20250714N0VY2/111.0,1.417486,1.417486,1.401861,1.433111,2025-07-14,ITM
XCMEOCADPS20250714N0VY2/111.0,1.218424,1.218424,1.202799,1.234049,2025-07-14,OTM
XCMEOCADCS20250714N0VY2/111.25,1.077933,1.077933,1.062308,1.093558,2025-07-14,OTM
XCMEOCADPS20250714N0VY2/111.25,1.541508,1.541508,1.525883,1.557133,2025-07-14,ITM
XCMEOCADCS20250714N0VY2/111.5,1.191424,1.191424,1.175799,1.207049,2025-07-14,OTM
XCMEOCADPS20250714N0VY2/111.5,1.418829,1.418829,1.403204,1.434454,2025-07-14,ITM
XCMEOCADCS20250714N0VY2/111.75,1.449219,1.449219,1.433594,1.464844,2025-07-14,OTM
XCMEOCADPS20250714N0VY2/111.75,1.948747,1.948747,1.933122,1.964372,2025-07-14,ITM
XCMEOCADCS20250714N0VY2/112.0,1.166288,1.166288,1.150663,1.181913,2025-07-14,OTM
XCMEOCADPS20250714N0VY2/112.0,1.998866,1.998866,1.983241,2.014491,2025-07-14,ITM
XCMEOCADCS20250714N0VY2/112.25,1.498025,1.498025,1.4824,1.51365,2025-07-14,OTM
XCMEOCADPS20250714N0VY2/112.25,2.333184,2.333184,2.317559,2.348809,2025-07-14,ITM
XCMEOCADCS20250714N0VY2/112.5,1.442843,1.442843,1.427218,1.458468,2025-07-14,OTM
XCMEOCADPS20250714N0VY2/112.5,2.632318,2.632318,2.616693,2.647943,2025-07-14,ITM
XCMEOCADCS20250714N0VY2/112.75,1.59112,1.59112,1.575495,1.606745,2025-07-14,OTM
XCMEOCADPS20250714N0VY2/112.75,2.988125,2.988125,2.9725,3.00375,2025-07-14,ITM
XCMEOCADCS20250714N0VY2/113.0,1.31159,1.31159,1.295965,1.327215,2025-07-14,OTM
XCMEOCADPS20250714N0VY2/113.0,3.498116,3.498116,3.482491,3.513741,2025-07-14,ITM
XCMEOCADCS20250716N0WY2/109.0,3.599373,3.599373,3.583748,3.614998,2025-07-16,ITM
XCMEOCADPS20250716N0WY2/109.0,1.371515,1.371515,1.35589,1.38714,2025-07-16,OTM
XCMEOCADCS20250716N0WY2/109.25,2.9797,2.9797,2.964075,2.995325,2025-07-16,ITM
XCMEOCADPS20250716N0WY2/109.25,1.266607,1.266607,1.250982,1.282232,2025-07-16,OTM
XCMEOCADCS20250716N0WY2/109.5,2.826599,2.826599,2.810974,2.842224,2025-07-16,ITM
XCMEOCADPS20250716N0WY2/109.5,1.569684,1.569684,1.554059,1.585309,2025-07-16,OTM
XCMEOCADCS20250716N0WY2/109.75,2.67653,2.67653,2.660905,2.692155,2025-07-16,ITM
XCMEOCADPS20250716N0WY2/109.75,1.238222,1.238222,1.222597,1.253847,2025-07-16,OTM
XCMEOCADCS20250716N0WY2/110.0,2.56445,2.56445,2.548825,2.580075,2025-07-16,ITM
XCMEOCADPS20250716N0WY2/110.0,1.016931,1.016931,1.001306,1.032556,2025-07-16,OTM
XCMEOCADCS20250716N0WY2/110.25,2.128295,2.128295,2.11267,2.14392,2025-07-16,ITM
XCMEOCADPS20250716N0WY2/110.25,1.414103,1.414103,1.398478,1.429728,2025-07-16,OTM
XCMEOCADCS20250716N0WY2/110.5,1.810242,1.810242,1.794617,1.825867,2025-07-16,ITM
XCMEOCADPS20250716N0WY2/110.5,0.984765,0.984765,0.96914,1.00039,2025-07-16,OTM
XCMEOCADCS20250716N0WY2/110.75,1.521237,1.521237,1.505612,1.536862,2025-07-16,ITM
XCMEOCADPS20250716N0WY2/110.75,1.365406,1.365406,1.349781,1.381031,2025-07-16,OTM
XCMEOCADCS20250716N0WY2/111.0,1.095416,1.095416,1.079791,1.111041,2025-07-16,ITM
XCMEOCADPS20250716N0WY2/111.0,0.995105,0.995105,0.97948,1.01073,2025-07-16,OTM
XCMEOCADCS20250716N0WY2/111.25,1.002329,1.002329,0.986704,1.017954,2025-07-16,OTM
XCMEOCADPS20250716N0WY2/111.25,1.515548,1.515548,1.499923,1.531173,2025-07-16,ITM
XCMEOCADCS20250716N0WY2/111.5,1.312607,1.312607,1.296982,1.328232,2025-07-16,OTM
XCMEOCADPS20250716N0WY2/111.5,1.755323,1.755323,1.739698,1.770948,2025-07-16,ITM
XCMEOCADCS20250716N0WY2/111.75,1.098887,1.098887,1.083262,1.114512,2025-07-16,OTM
XCMEOCADPS20250716N0WY2/111.75,1.958225,1.958225,1.9426,1.97385,2025-07-16,ITM
XCMEOCADCS20250716N0WY2/112.0,1.158535,1.158535,1.14291,1.17416,2025-07-16,OTM
XCMEOCADPS20250716N0WY2/112.0,2.259246,2.259246,2.243621,2.274871,2025-07-16,ITM
XCMEOCADCS20250716N0WY2/112.25,1.25327,1.25327,1.237645,1.268895,2025-07-16,OTM
XCMEOCADPS20250716N0WY2/112.25,2.294269,2.294269,2.278644,2.309894,2025-07-16,ITM
XCMEOCADCS20250716N0WY2/112.5,1.141385,1.141385,1.12576,1.15701,2025-07-16,OTM
XCMEOCADPS20250716N0WY2/112.5,2.836803,2.836803,2.821178,2.852428,2025-07-16,ITM
XCMEOCADCS20250716N0WY2/112.75,1.201771,1.201771,1.186146,1.217396,2025-07-16,OTM
XCMEOCADPS20250716N0WY2/112.75,3.311539,3.311539,3.295914,3.327164,2025-07-16,ITM
XCMEOCADCS20250716N0WY2/113.0,1.507525,1.507525,1.4919,1.52315,2025-07-16,OTM
XCMEOCADPS20250716N0WY2/113.0,3.382417,3.382417,3.366792,3.398042,2025-07-16,ITM
XCMEOCADCS20250718N0ZN2/109.0,3.472912,3.472912,3.457287,3.488537,2025-07-18,ITM
XCMEOCADPS20250718N0ZN2/109.0,1.267539,1.267539,1.251914,1.283164,2025-07-18,OTM
XCMEOCADCS20250718N0ZN2/109.25,3.018461,3.018461,3.002836,3.034086,2025-07-18,ITM
XCMEOCADPS20250718N0ZN2/109.25,1.284928,1.284928,1.269303,1.300553,2025-07-18,OTM
XCMEOCADCS20250718N0ZN2/109.5,2.818853,2.818853,2.803228,2.834478,2025-07-18,ITM
XCMEOCADPS20250718N0ZN2/109.5,1.31983,1.31983,1.304205,1.335455,2025-07-18,OTM
XCMEOCADCS20250718N0ZN2/109.75,2.822089,2.822089,2.806464,2.837714,2025-07-18,ITM
XCMEOCADPS20250718N0ZN2/109.75,1.145829,1.145829,1.130204,1.161454,2025-07-18,OTM
XCMEOCADCS20250718N0ZN2/110.0,2.436566,2.436566,2.420941,2.452191,2025-07-18,ITM
XCMEOCADPS20250718N0ZN2/110.0,1.333067,1.333067,1.317442,1.348692,2025-07-18,OTM
XCMEOCADCS20250718N0ZN2/110.25,2.290633,2.290633,2.275008,2.306258,2025-07-18,ITM
XCMEOCADPS20250718N0ZN2/110.25,1.438975,1.438975,1.42335,1.4546,2025-07-18,OTM
XCMEOCADCS20250718N0ZN2/110.5,1.932388,1.932388,1.916763,1.948013,2025-07-18,ITM
XCMEOCADPS20250718N0ZN2/110.5,1.040632,1.040632,1.025007,1.056257,2025-07-18,OTM
XCMEOCADCS20250718N0ZN2/110.75,1.392249,1.392249,1.376624,1.407874,2025-07-18,ITM
XCMEOCADPS20250718N0ZN2/110.75,1.336539,1.336539,1.320914,1.352164,2025-07-18,OTM
XCMEOCADCS20250718N0ZN2/111.0,1.239451,1.239451,1.223826,1.255076,2025-07-18,ITM
XCMEOCADPS20250718N0ZN2/111.0,0.900372,0.900372,0.884747,0.915997,2025-07-18,OTM
XCMEOCADCS20250718N0ZN2/111.25,1.05568,1.05568,1.040055,1.071305,2025-07-18,OTM
XCMEOCADPS20250718N0ZN2/111.25,1.330678,1.330678,1.315053,1.346303,2025-07-18,ITM
XCMEOCADCS20250718N0ZN2/111.5,1.235903,1.235903,1.220278,1.251528,2025-07-18,OTM
XCMEOCADPS20250718N0ZN2/111.5,1.698773,1.698773,1.683148,1.714398,2025-07-18,ITM
XCMEOCADCS20250718N0ZN2/111.75,1.196687,1.196687,1.181062,1.212312,2025-07-18,OTM
XCMEOCADPS20250718N0ZN2/111.75,2.098506,2.098506,2.082881,2.114131,2025-07-18,ITM
XCMEOCADCS20250718N0ZN2/112.0,1.430363,1.430363,1.414738,1.445988,2025-07-18,OTM
XCMEOCADPS20250718N0ZN2/112.0,2.121224,2.121224,2.105599,2.136849,2025-07-18,ITM
XCMEOCADCS20250718N0ZN2/112.25,1.365062,1.365062,1.349437,1.380687,2025-07-18,OTM
XCMEOCADPS20250718N0ZN2/112.25,2.252606,2.252606,2.236981,2.268231,2025-07-18,ITM
XCMEOCADCS20250718N0ZN2/112.5,1.389964,1.389964,1.374339,1.405589,2025-07-18,OTM
XCMEOCADPS20250718N0ZN2/112.5,2.574437,2.574437,2.558812,2.590062,2025-07-18,ITM
XCMEOCADCS20250718N0ZN2/112.75,1.317256,1.317256,1.301631,1.332881,2025-07-18,OTM
XCMEOCADPS20250718N0ZN2/112.75,3.048179,3.048179,3.032554,3.063804,2025-07-18,ITM
XCMEOCADCS20250718N0ZN2/113.0,1.252687,1.252687,1.237062,1.268312,2025-07-18,OTM
XCMEOCADPS20250718N0ZN2/113.0,3.06786,3.06786,3.052235,3.083485,2025-07-18,ITM
XCMEOCADCS20250721N0VY2/109.0,3.641953,3.641953,3.626328,3.657578,2025-07-21,ITM
XCMEOCADPS20250721N0VY2/109.0,1.495385,1.495385,1.47976,1.51101,2025-07-21,OTM
XCMEOCADCS20250721N0VY2/109.25,3.215068,3.215068,3.199443,3.230693,2025-07-21,ITM
XCMEOCADPS20250721N0VY2/109.25,1.124797,1.124797,1.109172,1.140422,2025-07-21,OTM
XCMEOCADCS20250721N0VY2/109.5,3.166696,3.166696,3.151071,3.182321,2025-07-21,ITM
XCMEOCADPS20250721N0VY2/109.5,1.207967,1.207967,1.192342,1.223592,2025-07-21,OTM
XCMEOCADCS20250721N0VY2/109.75,2.74413,2.74413,2.728505,2.759755,2025-07-21,ITM
XCMEOCADPS20250721N0VY2/109.75,1.349908,1.349908,1.334283,1.365533,2025-07-21,OTM
XCMEOCADCS20250721N0VY2/110.0,2.396403,2.396403,2.380778,2.412028,2025-07-21,ITM
XCMEOCADPS20250721N0VY2/110.0,1.236263,1.236263,1.220638,1.251888,2025-07-21,OTM
XCMEOCADCS20250721N0VY2/110.25,2.207759,2.207759,2.192134,2.223384,2025-07-21,ITM
XCMEOCADPS20250721N0VY2/110.25,1.172123,1.172123,1.156498,1.187748,2025-07-21,OTM
XCMEOCADCS20250721N0VY2/110.5,1.615118,1.615118,1.599493,1.630743,2025-07-21,ITM
XCMEOCADPS20250721N0VY2/110.5,1.123161,1.123161,1.107536,1.138786,2025-07-21,OTM
XCMEOCADCS20250721N0VY2/110.75,1.462389,1.462389,1.446764,1.478014,2025-07-21,ITM
XCMEOCADPS20250721N0VY2/110.75,1.055051,1.055051,1.039426,1.070676,2025-07-21,OTM
XCMEOCADCS20250721N0VY2/111.0,1.191649,1.191649,1.176024,1.207274,2025-07-21,ITM
XCMEOCADPS20250721N0VY2/111.0,1.172518,1.172518,1.156893,1.188143,2025-07-21,OTM
XCMEOCADCS20250721N0VY2/111.25,1.173737,1.173737,1.158112,1.189362,2025-07-21,OTM
XCMEOCADPS20250721N0VY2/111.25,1.217653,1.217653,1.202028,1.233278,2025-07-21,ITM
XCMEOCADCS20250721N0VY2/111.5,1.100863,1.100863,1.085238,1.116488,2025-07-21,OTM
XCMEOCADPS20250721N0VY2/111.5,1.458981,1.458981,1.443356,1.474606,2025-07-21,ITM
XCMEOCADCS20250721N0VY2/111.75,1.277586,1.277586,1.261961,1.293211,2025-07-21,OTM
XCMEOCADPS20250721N0VY2/111.75,2.068599,2.068599,2.052974,2.084224,2025-07-21,ITM
XCMEOCADCS20250721N0VY2/112.0,1.500061,1.500061,1.484436,1.515686,2025-07-21,OTM
XCMEOCADPS20250721N0VY2/112.0,1.939367,1.939367,1.923742,1.954992,2025-07-21,ITM
XCMEOCADCS20250721N0VY2/112.25,1.414978,1.414978,1.399353,1.430603,2025-07-21,OTM
XCMEOCADPS20250721N0VY2/112.25,2.3599,2.3599,2.344275,2.375525,2025-07-21,ITM
XCMEOCADCS20250721N0VY2/112.5,1.595553,1.595553,1.579928,1.611178,2025-07-21,OTM
XCMEOCADPS20250721N0VY2/112.5,2.982386,2.982386,2.966761,2.998011,2025-07-21,ITM
XCMEOCADCS20250721N0VY2/112.75,1.525229,1.525229,1.509604,1.540854,2025-07-21,OTM
XCMEOCADPS20250721N0VY2/112.75,3.268204,3.268204,3.252579,3.283829,2025-07-21,ITM
XCMEOCADCS20250721N0VY2/113.0,1.210326,1.210326,1.194701,1.225951,2025-07-21,OTM
XCMEOCADPS20250721N0VY2/113.0,3.306475,3.306475,3.29085,3.3221,2025-07-21,ITM
XCMEOCADCS20250723N0WY2/109.0,3.700975,3.700975,3.68535,3.7166,2025-07-23,ITM
XCMEOCADPS20250723N0WY2/109.0,1.128854,1.128854,1.113229,1.144479,2025-07-23,OTM
XCMEOCADCS20250723N0WY2/109.25,3.197125,3.197125,3.1815,3.21275,2025-07-23,ITM
XCMEOCADPS20250723N0WY2/109.25,1.330278,1.330278,1.314653,1.345903,2025-07-23,OTM
XCMEOCADCS20250723N0WY2/109.5,2.681676,2.681676,2.666051,2.697301,2025-07-23,ITM
XCMEOCADPS20250723N0WY2/109.5,1.502929,1.502929,1.487304,1.518554,2025-07-23,OTM
XCMEOCADCS20250723N0WY2/109.75,2.424598,2.424598,2.408973,2.440223,2025-07-23,ITM
XCMEOCADPS20250723N0WY2/109.75,1.378599,1.378599,1.362974,1.394224,2025-07-23,OTM
XCMEOCADCS20250723N0WY2/110.0,2.473397,2.473397,2.457772,2.489022,2025-07-23,ITM
XCMEOCADPS20250723N0WY2/110.0,1.416155,1.416155,1.40053,1.43178,2025-07-23,OTM
XCMEOCADCS20250723N0WY2/110.25,1.956254,1.956254,1.940629,1.971879,2025-07-23,ITM
XCMEOCADPS20250723N0WY2/110.25,1.273636,1.273636,1.258011,1.289261,2025-07-23,OTM
XCMEOCADCS20250723N0WY2/110.5,1.645357,1.645357,1.629732,1.660982,2025-07-23,ITM
XCMEOCADPS20250723N0WY2/110.5,1.339196,1.339196,1.323571,1.354821,2025-07-23,OTM
XCMEOCADCS20250723N0WY2/110.75,1.489651,1.489651,1.474026,1.505276,2025-07-23,ITM
XCMEOCADPS20250723N0WY2/110.75,1.047761,1.047761,1.032136,1.063386,2025-07-23,OTM
XCMEOCADCS20250723N0WY2/111.0,1.013743,1.013743,0.998118,1.029368,2025-07-23,ITM
XCMEOCADPS20250723N0WY2/111.0,1.265773,1.265773,1.250148,1.281398,2025-07-23,OTM
XCMEOCADCS20250723N0WY2/111.25,1.272156,1.272156,1.256531,1.287781,2025-07-23,OTM
XCMEOCADPS20250723N0WY2/111.25,1.246483,1.246483,1.230858,1.262108,2025-07-23,ITM
XCMEOCADCS20250723N0WY2/111.5,1.167702,1.167702,1.152077,1.183327,2025-07-23,OTM
XCMEOCADPS20250723N0WY2/111.5,1.63833,1.63833,1.622705,1.653955,2025-07-23,ITM
XCMEOCADCS20250723N0WY2/111.75,1.189571,1.189571,1.173946,1.205196,2025-07-23,OTM
XCMEOCADPS20250723N0WY2/111.75,2.067874,2.067874,2.052249,2.083499,2025-07-23,ITM
XCMEOCADCS20250723N0WY2/112.0,1.032853,1.032853,1.017228,1.048478,2025-07-23,OTM
XCMEOCADPS20250723N0WY2/112.0,2.271378,2.271378,2.255753,2.287003,2025-07-23,ITM
XCMEOCADCS20250723N0WY2/112.25,1.25725,1.25725,1.241625,1.272875,2025-07-23,OTM
XCMEOCADPS20250723N0WY2/112.25,2.597556,2.597556,2.581931,2.613181,2025-07-23,ITM
XCMEOCADCS20250723N0WY2/112.5,1.459191,1.459191,1.443566,1.474816,2025-07-23,OTM
XCMEOCADPS20250723N0WY2/112.5,2.78413,2.78413,2.768505,2.799755,2025-07-23,ITM
XCMEOCADCS20250723N0WY2/112.75,1.50457,1.50457,1.488945,1.520195,2025-07-23,OTM
XCMEOCADPS20250723N0WY2/112.75,3.04878,3.04878,3.033155,3.064405,2025-07-23,ITM
XCMEOCADCS20250723N0WY2/113.0,1.634567,1.634567,1.618942,1.650192,2025-07-23,OTM
XCMEOCADPS20250723N0WY2/113.0,3.519908,3.519908,3.504283,3.535533,2025-07-23,ITM
XCMEOCADCS20250725N0ZN2/109.0,3.645498,3.645498,3.629873,3.661123,2025-07-25,ITM
XCMEOCADPS20250725N0ZN2/109.0,1.246396,1.246396,1.230771,1.262021,2025-07-25,OTM
XCMEOCADCS20250725N0ZN2/109.25,3.374633,3.374633,3.359008,3.390258,2025-07-25,ITM
XCMEOCADPS20250725N0ZN2/109.25,1.510981,1.510981,1.495356,1.526606,2025-07-25,OTM
XCMEOCADCS20250725N0ZN2/109.5,3.01238,3.01238,2.996755,3.028005,2025-07-25,ITM
XCMEOCADPS20250725N0ZN2/109.5,1.491999,1.491999,1.476374,1.507624,2025-07-25,OTM
XCMEOCADCS20250725N0ZN2/109.75,2.488094,2.488094,2.472469,2.503719,2025-07-25,ITM
XCMEOCADPS20250725N0ZN2/109.75,1.451441,1.451441,1.435816,1.467066,2025-07-25,OTM
XCMEOCADCS20250725N0ZN2/110.0,2.325631,2.325631,2.310006,2.341256,2025-07-25,ITM
XCMEOCADPS20250725N0ZN2/110.0,1.494948,1.494948,1.479323,1.510573,2025-07-25,OTM
XCMEOCADCS20250725N0ZN2/110.25,2.2202,2.2202,2.204575,2.235825,2025-07-25,ITM
XCMEOCADPS20250725N0ZN2/110.25,1.360468,1.360468,1.344843,1.376093,2025-07-25,OTM
XCMEOCADCS20250725N0ZN2/110.5,1.610277,1.610277,1.594652,1.625902,2025-07-25,ITM
XCMEOCADPS20250725N0ZN2/110.5,1.009026,1.009026,0.993401,1.024651,2025-07-25,OTM
XCMEOCADCS20250725N0ZN2/110.75,1.575505,1.575505,1.55988,1.59113,2025-07-25,ITM
XCMEOCADPS20250725N0ZN2/110.75,1.192359,1.192359,1.176734,1.207984,2025-07-25,OTM
XCMEOCADCS20250725N0ZN2/111.0,1.304165,1.304165,1.28854,1.31979,2025-07-25,ITM
XCMEOCADPS20250725N0ZN2/111.0,1.056479,1.056479,1.040854,1.072104,2025-07-25,OTM
XCMEOCADCS20250725N0ZN2/111.25,1.124527,1.124527,1.108902,1.140152,2025-07-25,OTM
XCMEOCADPS20250725N0ZN2/111.25,1.373316,1.373316,1.357691,1.388941,2025-07-25,ITM
XCMEOCADCS20250725N0ZN2/111.5,1.154637,1.154637,1.139012,1.170262,2025-07-25,OTM
XCMEOCADPS20250725N0ZN2/111.5,1.574507,1.574507,1.558882,1.590132,2025-07-25,ITM
XCMEOCADCS20250725N0ZN2/111.75,1.31389,1.31389,1.298265,1.329515,2025-07-25,OTM
XCMEOCADPS20250725N0ZN2/111.75,1.936071,1.936071,1.920446,1.951696,2025-07-25,ITM
XCMEOCADCS20250725N0ZN2/112.0,1.168273,1.168273,1.152648,1.183898,2025-07-25,OTM
XCMEOCADPS20250725N0ZN2/112.0,2.194138,2.194138,2.178513,2.209763,2025-07-25,ITM
XCMEOCADCS20250725N0ZN2/112.25,1.197603,1.197603,1.181978,1.213228,2025-07-25,OTM
XCMEOCADPS20250725N0ZN2/112.25,2.226817,2.226817,2.211192,2.242442,2025-07-25,ITM
XCMEOCADCS20250725N0ZN2/112.5,1.324776,1.324776,1.309151,1.340401,2025-07-25,OTM
XCMEOCADPS20250725N0ZN2/112.5,2.562804,2.562804,2.547179,2.578429,2025-07-25,ITM
XCMEOCADCS20250725N0ZN2/112.75,1.278948,1.278948,1.263323,1.294573,2025-07-25,OTM
XCMEOCADPS20250725N0ZN2/112.75,2.796528,2.796528,2.780903,2.812153,2025-07-25,ITM
XCMEOCADCS20250725N0ZN2/113.0,1.544625,1.544625,1.529,1.56025,2025-07-25,OTM
XCMEOCADPS20250725N0ZN2/113.0,3.532671,3.532671,3.517046,3.548296,2025-07-25,ITM
XCMEOCADCS20250728N0VY2/109.0,3.64461,3.64461,3.628985,3.660235,2025-07-28,ITM
XCMEOCADPS20250728N0VY2/109.0,1.359552,1.359552,1.343927,1.375177,2025-07-28,OTM
XCMEOCADCS20250728N0VY2/109.25,3.239638,3.239638,3.224013,3.255263,2025-07-28,ITM
XCMEOCADPS20250728N0VY2/109.25,1.274744,1.274744,1.259119,1.290369,2025-07-28,OTM
XCMEOCADCS20250728N0VY2/109.5,3.161796,3.161796,3.146171,3.177421,2025-07-28,ITM
XCMEOCADPS20250728N0VY2/109.5,1.242513,1.242513,1.226888,1.258138,2025-07-28,OTM
XCMEOCADCS20250728N0VY2/109.75,2.777833,2.777833,2.762208,2.793458,2025-07-28,ITM
XCMEOCADPS20250728N0VY2/109.75,1.326536,1.326536,1.310911,1.342161,2025-07-28,OTM
XCMEOCADCS20250728N0VY2/110.0,2.256307,2.256307,2.240682,2.271932,2025-07-28,ITM
XCMEOCADPS20250728N0VY2/110.0,1.487872,1.487872,1.472247,1.503497,2025-07-28,OTM
XCMEOCADCS20250728N0VY2/110.25,1.911214,1.911214,1.895589,1.926839,2025-07-28,ITM
XCMEOCADPS20250728N0VY2/110.25,1.166841,1.166841,1.151216,1.182466,2025-07-28,OTM
XCMEOCADCS20250728N0VY2/110.5,1.73154,1.73154,1.715915,1.747165,2025-07-28,ITM
XCMEOCADPS20250728N0VY2/110.5,1.12603,1.12603,1.110405,1.141655,2025-07-28,OTM
XCMEOCADCS20250728N0VY2/110.75,1.643879,1.643879,1.628254,1.659504,2025-07-28,ITM
XCMEOCADPS20250728N0VY2/110.75,1.20278,1.20278,1.187155,1.218405,2025-07-28,OTM
XCMEOCADCS20250728N0VY2/111.0,1.25517,1.25517,1.239545,1.270795,2025-07-28,ITM
XCMEOCADPS20250728N0VY2/111.0,1.273107,1.273107,1.257482,1.288732,2025-07-28,OTM
XCMEOCADCS20250728N0VY2/111.25,1.197715,1.197715,1.18209,1.21334,2025-07-28,OTM
XCMEOCADPS20250728N0VY2/111.25,1.213972,1.213972,1.198347,1.229597,2025-07-28,ITM
XCMEOCADCS20250728N0VY2/111.5,1.251125,1.251125,1.2355,1.26675,2025-07-28,OTM
XCMEOCADPS20250728N0VY2/111.5,1.451447,1.451447,1.435822,1.467072,2025-07-28,ITM
XCMEOCADCS20250728N0VY2/111.75,1.231155,1.231155,1.21553,1.24678,2025-07-28,OTM
XCMEOCADPS20250728N0VY2/111.75,1.806667,1.806667,1.791042,1.822292,2025-07-28,ITM
XCMEOCADCS20250728N0VY2/112.0,1.094765,1.094765,1.07914,1.11039,2025-07-28,OTM
XCMEOCADPS20250728N0VY2/112.0,2.421378,2.421378,2.405753,2.437003,2025-07-28,ITM
XCMEOCADCS20250728N0VY2/112.25,1.376257,1.376257,1.360632,1.391882,2025-07-28,OTM
XCMEOCADPS20250728N0VY2/112.25,2.649318,2.649318,2.633693,2.664943,2025-07-28,ITM
XCMEOCADCS20250728N0VY2/112.5,1.130727,1.130727,1.115102,1.146352,2025-07-28,OTM
XCMEOCADPS20250728N0VY2/112.5,2.787712,2.787712,2.772087,2.803337,2025-07-28,ITM
XCMEOCADCS20250728N0VY2/112.75,1.607662,1.607662,1.592037,1.623287,2025-07-28,OTM
XCMEOCADPS20250728N0VY2/112.75,3.04758,3.04758,3.031955,3.063205,2025-07-28,ITM
XCMEOCADCS20250728N0VY2/113.0,1.337107,1.337107,1.321482,1.352732,2025-07-28,OTM
XCMEOCADPS20250728N0VY2/113.0,3.10642,3.10642,3.090795,3.122045,2025-07-28,ITM
XCMEOCADCS20250730N0WY2/109.0,3.587714,3.587714,3.572089,3.603339,2025-07-30,ITM
XCMEOCADPS20250730N0WY2/109.0,1.247123,1.247123,1.231498,1.262748,2025-07-30,OTM
XCMEOCADCS20250730N0WY2/109.25,3.060922,3.060922,3.045297,3.076547,2025-07-30,ITM
XCMEOCADPS20250730N0WY2/109.25,1.269428,1.269428,1.253803,1.285053,2025-07-30,OTM
XCMEOCADCS20250730N0WY2/109.5,3.145357,3.145357,3.129732,3.160982,2025-07-30,ITM
XCMEOCADPS20250730N0WY2/109.5,1.507142,1.507142,1.491517,1.522767,2025-07-30,OTM
XCMEOCADCS20250730N0WY2/109.75,2.533424,2.533424,2.517799,2.549049,2025-07-30,ITM
XCMEOCADPS20250730N0WY2/109.75,1.260984,1.260984,1.245359,1.276609,2025-07-30,OTM
XCMEOCADCS20250730N0WY2/110.0,2.495502,2.495502,2.479877,2.511127,2025-07-30,ITM
XCMEOCADPS20250730N0WY2/110.0,1.223377,1.223377,1.207752,1.239002,2025-07-30,OTM
XCMEOCADCS20250730N0WY2/110.25,2.174435,2.174435,2.15881,2.19006,2025-07-30,ITM
XCMEOCADPS20250730N0WY2/110.25,1.339039,1.339039,1.323414,1.354664,2025-07-30,OTM
XCMEOCADCS20250730N0WY2/110.5,1.810842,1.810842,1.795217,1.826467,2025-07-30,ITM
XCMEOCADPS20250730N0WY2/110.5,1.000842,1.000842,0.985217,1.016467,2025-07-30,OTM
XCMEOCADCS20250730N0WY2/110.75,1.39162,1.39162,1.375995,1.407245,2025-07-30,ITM
XCMEOCADPS20250730N0WY2/110.75,1.059217,1.059217,1.043592,1.074842,2025-07-30,OTM
XCMEOCADCS20250730N0WY2/111.0,1.057679,1.057679,1.042054,1.073304,2025-07-30,ITM
XCMEOCADPS20250730N0WY2/111.0,1.150912,1.150912,1.135287,1.166537,2025-07-30,OTM
XCMEOCADCS20250730N0WY2/111.25,1.202411,1.202411,1.186786,1.218036,2025-07-30,OTM
XCMEOCADPS20250730N0WY2/111.25,1.466645,1.466645,1.45102,1.48227,2025-07-30,ITM
XCMEOCADCS20250730N0WY2/111.5,1.105398,1.105398,1.089773,1.121023,2025-07-30,OTM
XCMEOCADPS20250730N0WY2/111.5,1.762105,1.762105,1.74648,1.77773,2025-07-30,ITM
XCMEOCADCS20250730N0WY2/111.75,1.110396,1.110396,1.094771,1.126021,2025-07-30,OTM
XCMEOCADPS20250730N0WY2/111.75,1.84066,1.84066,1.825035,1.856285,2025-07-30,ITM
XCMEOCADCS20250730N0WY2/112.0,1.217717,1.217717,1.202092,1.233342,2025-07-30,OTM
XCMEOCADPS20250730N0WY2/112.0,2.002782,2.002782,1.987157,2.018407,2025-07-30,ITM
XCMEOCADCS20250730N0WY2/112.25,1.488778,1.488778,1.473153,1.504403,2025-07-30,OTM
XCMEOCADPS20250730N0WY2/112.25,2.538044,2.538044,2.522419,2.553669,2025-07-30,ITM
XCMEOCADCS20250730N0WY2/112.5,1.2793,1.2793,1.263675,1.294925,2025-07-30,OTM
XCMEOCADPS20250730N0WY2/112.5,2.541695,2.541695,2.52607,2.55732,2025-07-30,ITM
XCMEOCADCS20250730N0WY2/112.75,1.180339,1.180339,1.164714,1.195964,2025-07-30,OTM
XCMEOCADPS20250730N0WY2/112.75,3.262842,3.262842,3.247217,3.278467,2025-07-30,ITM
XCMEOCADCS20250730N0WY2/113.0,1.322845,1.322845,1.30722,1.33847,2025-07-30,OTM
XCMEOCADPS20250730N0WY2/113.0,3.542261,3.542261,3.526636,3.557886,2025-07-30,ITM
XCMEOCADCS20250801N0ZN2/109.0,3.658222,3.658222,3.642597,3.673847,2025-08-01,ITM
XCMEOCADPS20250801N0ZN2/109.0,1.602177,1.602177,1.586552,1.617802,2025-08-01,OTM
XCMEOCADCS20250801N0ZN2/109.25,3.240966,3.240966,3.225341,3.256591,2025-08-01,ITM
XCMEOCADPS20250801N0ZN2/109.25,1.613523,1.613523,1.597898,1.629148,2025-08-01,OTM
XCMEOCADCS20250801N0ZN2/109.5,3.134389,3.134389,3.118764,3.150014,2025-08-01,ITM
XCMEOCADPS20250801N0ZN2/109.5,1.53542,1.53542,1.519795,1.551045,2025-08-01,OTM
XCMEOCADCS20250801N0ZN2/109.75,2.838903,2.838903,2.823278,2.854528,2025-08-01,ITM
XCMEOCADPS20250801N0ZN2/109.75,1.472933,1.472933,1.457308,1.488558,2025-08-01,OTM
XCMEOCADCS20250801N0ZN2/110.0,2.453553,2.453553,2.437928,2.469178,2025-08-01,ITM
XCMEOCADPS20250801N0ZN2/110.0,1.340816,1.340816,1.325191,1.356441,2025-08-01,OTM
XCMEOCADCS20250801N0ZN2/110.25,2.158076,2.158076,2.142451,2.173701,2025-08-01,ITM
XCMEOCADPS20250801N0ZN2/110.25,1.397186,1.397186,1.381561,1.412811,2025-08-01,OTM
XCMEOCADCS20250801N0ZN2/110.5,1.673123,1.673123,1.657498,1.688748,2025-08-01,ITM
XCMEOCADPS20250801N0ZN2/110.5,1.05223,1.05223,1.036605,1.067855,2025-08-01,OTM
XCMEOCADCS20250801N0ZN2/110.75,1.51776,1.51776,1.502135,1.533385,2025-08-01,ITM
XCMEOCADPS20250801N0ZN2/110.75,1.101458,1.101458,1.085833,1.117083,2025-08-01,OTM
XCMEOCADCS20250801N0ZN2/111.0,1.043748,1.043748,1.028123,1.059373,2025-08-01,ITM
XCMEOCADPS20250801N0ZN2/111.0,1.24548,1.24548,1.229855,1.261105,2025-08-01,OTM
XCMEOCADCS20250801N0ZN2/111.25,1.153873,1.153873,1.138248,1.169498,2025-08-01,OTM
XCMEOCADPS20250801N0ZN2/111.25,1.263085,1.263085,1.24746,1.27871,2025-08-01,ITM
XCMEOCADCS20250801N0ZN2/111.5,1.221254,1.221254,1.205629,1.236879,2025-08-01,OTM
XCMEOCADPS20250801N0ZN2/111.5,1.604336,1.604336,1.588711,1.619961,2025-08-01,ITM
XCMEOCADCS20250801N0ZN2/111.75,1.388065,1.388065,1.37244,1.40369,2025-08-01,OTM
XCMEOCADPS20250801N0ZN2/111.75,2.103446,2.103446,2.087821,2.119071,2025-08-01,ITM
XCMEOCADCS20250801N0ZN2/112.0,1.416085,1.416085,1.40046,1.43171,2025-08-01,OTM
XCMEOCADPS20250801N0ZN2/112.0,1.949694,1.949694,1.934069,1.965319,2025-08-01,ITM
XCMEOCADCS20250801N0ZN2/112.25,1.384737,1.384737,1.369112,1.400362,2025-08-01,OTM
XCMEOCADPS20250801N0ZN2/112.25,2.431228,2.431228,2.415603,2.446853,2025-08-01,ITM
XCMEOCADCS20250801N0ZN2/112.5,1.167416,1.167416,1.151791,1.183041,2025-08-01,OTM
XCMEOCADPS20250801N0ZN2/112.5,2.829985,2.829985,2.81436,2.84561,2025-08-01,ITM
XCMEOCADCS20250801N0ZN2/112.75,1.516348,1.516348,1.500723,1.531973,2025-08-01,OTM
XCMEOCADPS20250801N0ZN2/112.75,2.92285,2.92285,2.907225,2.938475,2025-08-01,ITM
XCMEOCADCS20250801N0ZN2/113.0,1.336591,1.336591,1.320966,1.352216,2025-08-01,OTM
XCMEOCADPS20250801N0ZN2/113.0,3.547085,3.547085,3.53146,3.56271,2025-08-01,ITM
